-- phpMyAdmin SQL Dump
-- version 4.4.3
-- http://www.phpmyadmin.net
--
--
-- Host: mysql.eecs.oregonstate.edu
-- Generation Time: Jun 10, 2015 at 05:00 PM
-- Server version: 5.5.37-MariaDB-wsrep
-- PHP Version: 5.3.29

SET SQL_MODE = "NO_AUTO_VALUE_ON_ZERO";
SET time_zone = "+00:00";


/*!40101 SET @OLD_CHARACTER_SET_CLIENT=@@CHARACTER_SET_CLIENT */;
/*!40101 SET @OLD_CHARACTER_SET_RESULTS=@@CHARACTER_SET_RESULTS */;
/*!40101 SET @OLD_COLLATION_CONNECTION=@@COLLATION_CONNECTION */;
/*!40101 SET NAMES utf8 */;

--
-- Database: `cs419-g10`
--

-- --------------------------------------------------------

--
-- Table structure for table `app_info`
--

CREATE TABLE IF NOT EXISTS `app_info` (
  `id` int(11) NOT NULL,
  `curbside` varchar(255) NOT NULL,
  `depot` varchar(255) NOT NULL
) ENGINE=InnoDB AUTO_INCREMENT=2 DEFAULT CHARSET=latin1;

--
-- Dumping data for table `app_info`
--

INSERT INTO `app_info` (`id`, `curbside`, `depot`) VALUES
(1, 'http://site.republicservices.com/site/corvallis-or/en/documents/detailedrecyclinguide.pdf', 'http://site.republicservices.com/site/corvallis-or/en/documents/corvallisrecycledepot.pdf.pdf');

-- --------------------------------------------------------

--
-- Table structure for table `categories`
--

CREATE TABLE IF NOT EXISTS `categories` (
  `id` int(11) NOT NULL,
  `name` varchar(255) NOT NULL
) ENGINE=InnoDB AUTO_INCREMENT=63 DEFAULT CHARSET=latin1;

--
-- Dumping data for table `categories`
--

INSERT INTO `categories` (`id`, `name`) VALUES
(47, 'Appliances - large'),
(46, 'Appliances - small'),
(43, 'Bedding / bath'),
(51, 'Bikes / Sporting / Camping'),
(48, 'Building/ home improvement'),
(45, 'Children’s goods'),
(49, 'Clothing / Accessories'),
(53, 'Food '),
(52, 'Garden'),
(50, 'Home Electronics'),
(42, 'Household'),
(57, 'Medical Supplies'),
(56, 'Miscellaneous'),
(54, 'Office equipment'),
(55, 'Packing materials');

-- --------------------------------------------------------

--
-- Table structure for table `companies`
--

CREATE TABLE IF NOT EXISTS `companies` (
  `id` int(11) NOT NULL,
  `name` varchar(255) DEFAULT NULL,
  `info` varchar(2048) DEFAULT NULL,
  `phone` varchar(255) DEFAULT NULL,
  `website` varchar(255) DEFAULT NULL,
  `street` varchar(255) DEFAULT NULL,
  `city` varchar(255) DEFAULT NULL,
  `st` varchar(255) DEFAULT NULL,
  `zip` varchar(255) DEFAULT NULL,
  `hours` varchar(255) DEFAULT NULL
) ENGINE=InnoDB AUTO_INCREMENT=214 DEFAULT CHARSET=latin1;

--
-- Dumping data for table `companies`
--

INSERT INTO `companies` (`id`, `name`, `info`, `phone`, `website`, `street`, `city`, `st`, `zip`, `hours`) VALUES
(126, 'Albany-Corvallis ReUseIt ', '(free items:  groups.yahoo.com)', '', '', '', '', 'OR', NULL, ''),
(127, 'Arc Thrift Stores  - Corvallis', '', 'Various', '', '928 NW Beca Ave', 'Corvallis', 'OR', '97330', ''),
(130, 'Beekman Place Antique Mall', '', '541-753-8250', '', '601 SW Western Blvd', 'Corvallis', 'OR', '97333', ''),
(131, 'Benton County Extension / 4-H  Activities', '', '541-766-6750', '', '1849 NW 9th', 'Corvallis', 'OR', '97330', ''),
(132, 'Benton County Master Gardeners ', '', '541-766-6750', '', '1849 NW 9th St', 'Corvallis', 'OR', '97330', ''),
(133, 'Book Bin and Browser&#039;s Bookstore', '', '', '', '215 SW 4th St', 'Corvallis', 'OR', '97333', ''),
(134, 'Boys &amp; Girls Club / STARS', 'after school programs', '541-757-1909', '', '1112 NW Circle Blvd', 'Corvallis', 'OR', '97330', ''),
(135, 'Buckingham Palace', 'Fri-Sun only ', '541-752-7980', '', '600 SW 3rd St', 'Corvallis', 'OR', '97333', ''),
(137, 'Calvary Community Outreach', '', '541-760-5941', '', '2125 NW Lester Ave', 'Corvallis', 'OR', '97330', ''),
(141, 'CARDV', 'Center Against Rape/Domestic Violence', '541-758-0219', '', '2208 SW 3rd St', 'Corvallis', 'OR', '97333', ''),
(142, 'Career Closet for Women ', 'drop-off at 942 NW 9th, Ste.A', '541-754-6979', '', '', '', 'OR', NULL, ''),
(143, 'Cat&#039;s Meow Humane Society Thrift Shop', '', '', '', '411 SW 3rd St', 'Corvallis', 'OR', '97333', ''),
(144, 'Children&#039;s Farm Home', 'Hway 20 btw Corvallis &amp; Albany', '541-757-1852', '', '4455 NE Hwy 20', 'Corvallis', 'OR', '97330', ''),
(146, 'Chintimini Wildlife Rehabilitation Ctr ', '', '541-745-5324', '', '311 Lewisburg Rd', 'Corvallis', 'OR', '97330', ''),
(147, 'Community Outreach', 'homeless shelter', '541-758-3000', '', '865 NW Reiman', 'Corvallis', 'OR', '97330', ''),
(148, 'Corvallis Environmental Center', '', '541-753-9211', '', '214 SW Monroe Ave', 'Corvallis', 'OR', '97333', ''),
(149, 'Corvallis Bicycle Collective ', '', '541-224-6885', '', '33900 SE Roche Ln', 'Corvallis', 'OR', '97333', ''),
(150, 'CorvallisFurniture.com', '', '541-231-8103', 'http://corvallisfurniture.com/', '720 NE Granger Ave, Bldg J', 'Corvallis', 'OR', '97330', ''),
(151, 'Corvallis-Uzhhorod Sister Cities/The TOUCH Project', '', '541-753-5170', '', 'P.O. Box 176', 'Corvallis', 'OR', '97339', ''),
(152, 'Cosmic Chameleon', '', '541-752-9001', '', '138 SW 2nd St', 'Corvallis', 'OR', '97333', ''),
(153, 'Craigslist', '', 'n/a', 'http://corvallis.craigslist.org/', '', '', 'OR', NULL, ''),
(154, 'Freecycle.org', '', 'n/a', 'https://www.freecycle.org/', '', '', 'OR', NULL, ''),
(155, 'First Alternative Co-op Recycling Center', '', '541-753-3115', '', '1007 SE 3rd St', 'Corvallis', 'OR', '97333', ''),
(156, 'First Alternative Co-op Stores', '', 'various', '', '1007 SE 3rd St', 'Corvallis', 'OR', '97333', ''),
(157, 'Furniture Share', 'formerly Benton FS', '541-833-0183', '', '155 SE Lilly Ave', 'Corvallis', 'OR', '97333', ''),
(158, 'Furniture Exchange', '', '541-833-0183', '', '210 NE 2nd St', 'Corvallis', 'OR', '97339', ''),
(159, 'Garland Nursery, Home Grown Gardens, etc.', '', 'various', '', '', '', 'OR', NULL, ''),
(160, 'Goodwill Industries ', '', '541-752-8278', '', '1325 NW 9th St', 'Corvallis', 'OR', '97330', ''),
(161, 'Habitat for Humanity ReStore', '', '', '', '4840 SW Philomath Blvd', 'Corvallis', 'OR', '97333', ''),
(162, 'Happy Trails Records, Tapes &amp; CDs', '', '541-752-9032', '', '100 SW 3rd St', 'Corvallis', 'OR', '97333', ''),
(163, 'Heartland Humane Society', '', '541-757-9000', '', '398 SW Twin Oaks Cir', 'Corvallis', 'OR', '97333', ''),
(166, 'Home Life Inc ', 'for develop. disabled', '541-753-9015', '', '2068 NW Fillmore', 'Corvallis', 'OR', '97330', ''),
(167, 'Jackson Street Youth Shelter', '', '541-754-2404', '', '555 NW Jackson St', 'Corvallis', 'OR', '97330', ''),
(168, 'Linn Benton Food Share', 'lg. food donations', '', '', '545 SW 2nd', 'Corvallis', 'OR', '97333', ''),
(169, 'Lions Club', 'box inside Elks Lodge', '', '', '1400 NW 9th St', 'Corvallis', 'OR', '97330', ''),
(170, 'Love INC ', 'for low income citizens', '541-757-8111', '', ' 2330 NW Profess. Dr', 'Corvallis', 'OR', '97330', ''),
(171, 'Mario Pastega House', 'Good Sam patient family housing', '541-768-4650', '', '3505 NW Samaritan Dr', 'Corvallis', 'OR', '97330', ''),
(172, 'Mary&#039;s River Gleaners', 'for low income citizens', '541-752-1010', '', '', '', 'OR', NULL, ''),
(173, 'Midway Farms', '', '', '', '6980 NW Hwy 20', 'Albany', 'OR', '97321', ''),
(174, 'Neighbor to Neighbor', '', '541-929-6614', '', '1123 Main', 'Philomath', 'OR', '97370', ''),
(175, 'Osborn Aquatic Center', '', '541-766-7946', '', '1940 NW Highland Dr', 'Corvallis', 'OR', '97330', ''),
(176, 'OSU Emergency Food Pantry ', '', '541-737-3473', '', '2150 SW Jefferson Way', 'Corvallis', 'OR', '97331', ''),
(177, 'OSU Folk Club Thrift Shop', '', 'check website', 'http://oregonstate.edu/osufolk/thrift-shop', '144 NW 2nd St', 'Corvallis', 'OR', '97330', ''),
(178, 'OSU Organic Growers Club ', 'Crop &amp; Soil Science Dep&#039;t', '541-737-6810', '', '', '', 'OR', NULL, ''),
(179, 'Pak Mail ', 'Timberhill Shopping Ctr', '541-754-8411', '', '2397 NW Kings Blvd', 'Corvallis', 'OR', '97330', ''),
(180, 'Parent Enhancement Program', '', '541-758-8292', '', '421 NW 4th St', 'Corvallis', 'OR', '97330', ''),
(181, 'Pastors for Peace-Caravan to Cuba', 'Mike Beilstein', '541-754-1858', '', '', '', 'OR', NULL, ''),
(182, 'Philomath Community Garden', 'Chris Shonnard', '541-929-3524', '', '', '', 'OR', NULL, ''),
(183, 'Philomath Community Srvcs', 'food &amp; kids stuff', '541-929-2499', '', '360 S 9th', 'Philomath', 'OR', '97370', ''),
(184, 'Play It Again Sports ', '', '541-754-7529', '', '1422 NW 9th St', 'Corvallis', 'OR', '97330', ''),
(185, 'Presbyterian Piecemakers ', 'cotton quilts', '541-753-7516', '', '', '', 'OR', NULL, ''),
(186, 'Public Library Corvallis, Friends of ', '', '541-766-6928', '', '645 NW Monroe Ave', 'Corvallis', 'OR', '97330', ''),
(187, 'Quilts From Caring Hands', 'cotton quilts', '541-758-8161', '', '', '', 'OR', NULL, ''),
(188, 'Rapid Refill Ink', '', '', '', '254 SW Madison Ave', 'Corvallis', 'OR', '97333', ''),
(189, 'Office Max', '', '', '', '1834 NW 9th St', 'Corvallis', 'OR', '97330', ''),
(190, 'Replay Children&#039;s Wear ', '', '541-753-6903', '', '260 NW 1st St', 'Corvallis', 'OR', '97330', ''),
(191, 're·volve ', 'women&#039;s resale boutique', '541-754-1154', '', ' 103 SW 2nd St', 'Corvallis', 'OR', '97333', ''),
(192, 'Schools--Public, Private, Charter ', '', 'various', '', '', '', 'OR', NULL, ''),
(193, 'Second Glance/Annex/The Alley', '', 'various', '', '214 SW Jefferson Ave', 'Corvallis', 'OR', '97333', ''),
(194, 'Senior Center of Corvallis ', '', '541-766-6959', '', '2601 NW Tyler Ave', 'Corvallis', 'OR', '97330', ''),
(195, 'South Corvallis Food Bank', '', '541-753-4263', '', '1798 SW 3rd St', '', 'OR', NULL, ''),
(196, 'Stone Soup &amp; St Vincent de Paul ', '', '541-757-1988', '', 'St Mary&#039;s Church, 25th St', '', 'OR', NULL, ''),
(197, 'UPS Stores ', '', 'various', '', 'on NW Circle &amp; on SW Philomath Blvd', '', 'OR', NULL, ''),
(198, 'Vina Moses ', 'for low income citizens', '', '', '968 NW Garfield', '', 'OR', NULL, ''),
(199, 'Vintage House Parts', '', '541-740-9513', '', '135 N 13th St', 'Philomath', 'OR', NULL, ''),
(200, 'Book binding', 'Rebind and restore books\n', '(541) 757-9861', 'http://www.cornerstoneassociates.com/bj-bookbinding-about-us.html', '108 SW 3rd St', 'Corvallis', 'OR', '97333', ''),
(201, 'Cell Phone Sick Bay', 'Cell phones and tablets\n', '(541) 230-1785', '', '252 Sw Madison Ave, Suite 110', 'Corvallis', 'OR', '97333', ''),
(202, 'Geeks &#039;N&#039; Nerds', 'repair Computers of all kinds and cell phone repair; in home repair available\n', '(541) 753-0018', 'http://www.computergeeksnnerds.com/', '950 Southeast Geary St Unit D', 'Albany', 'OR', '97321', ''),
(203, 'Specialty Sewing By Leslie', 'Alterations and custom work\n', '541) 758-4556', 'http://www.specialtysewing.com/Leslie_Seamstress/Welcome.html', '225 SW Madison Ave', 'Corvallis', 'OR', '97333', ''),
(204, 'Covallis Technical', 'repair Computers and laptops\n', '(541) 704-7009', 'http://www.corvallistechnical.com/', '966 NW Circle Blvd', 'Corvallis', 'OR', '97330', ''),
(205, 'Bellevue Computers', 'repair computers and laptops\n', '541-757-3487', 'http://www.bellevuepc.com/', '1865 NW 9th St', 'Corvallis', 'OR', '97330', ''),
(206, 'OSU Repair Fair', 'Occurs twice per quarter in the evenings Small appliances, Bicycles, Clothing, Computers (hardware and software) Electronics (small items only) Housewares (furniture, ceramics, lamps, etc.)\n\n', '', 'http://fa.oregonstate.edu/surplus ', 'Oregon State University Property Services Building, 644 S.W. 13th St ', '', 'OR', NULL, ''),
(207, 'P.K Furniture Repair &amp; Refinishing ', 'Complete Restoration, Complete Refinishing, Modifications, Custom Color Matching, Furniture Stripping,Chair Press Caning, Repairs\n', '541-230-1727', 'http://www.pkfurniturerefinishing.net/', '5270 NW Hwy 99 ', 'Corvallis', 'OR', '97330', ''),
(208, 'Furniture Restoration Center', 'Restores all typers of furniture and has hardware for doing it yourself\n', '(541) 929-6681', 'http://restorationsupplies.com/', '1321 Main St', 'Philomath', 'OR', NULL, ''),
(209, 'Power equipment', 'lawn and garden equipment, chain saws  (Stihl, honda, shindiawh), hand held equipment. \n', '(541) 757-8075', 'https://corvallispowerequipment.stihldealer.net/', ' 713 NE Circle Blvd', 'Corvallis', 'OR', '97330', ''),
(210, 'Robnett&#039;s', 'Screen repair for windows and doors, Adjustment and sharpening for reel mowers\n\n', '(541) 753-5531', 'http://ww3.truevalue.com/robnetts/Home.aspx', '400 SW 2nd St', 'Corvallis', 'OR', '97333', ''),
(211, 'Footwise', 'resoles berkenstock\n', '(541) 757-0875', 'http://footwise.com/', '301 SW Madison Ave #100', 'Corvallis', 'OR', '97333', ''),
(212, 'Sedlack', 'full resoles, elastic and velcros, sewing and patching, leather patches, zippers, half soles and heels. \n', '(541) 752-1498', 'http://www.sedlaksshoes.net/', '225 SW 2nd St', 'Corvallis', 'OR', '97333', ''),
(213, 'Foam Man', 'Replacement foam cusions for chairs and couches;  upholstery\n', '(541) 754-9378', 'http://www.thefoammancorvallis.com/', '2511 NW 9th St', 'Corvallis', 'OR', '97330', '');

-- --------------------------------------------------------

--
-- Table structure for table `company_content`
--

CREATE TABLE IF NOT EXISTS `company_content` (
  `content_id` int(11) NOT NULL,
  `company_id` int(11) NOT NULL,
  `reuse` tinyint(1) DEFAULT NULL,
  `repair` tinyint(1) DEFAULT NULL
) ENGINE=InnoDB DEFAULT CHARSET=latin1;

--
-- Dumping data for table `company_content`
--

INSERT INTO `company_content` (`content_id`, `company_id`, `reuse`, `repair`) VALUES
(215, 126, 1, 0),
(215, 127, 1, 1),
(215, 130, 1, 0),
(215, 131, 1, 0),
(215, 135, 1, 0),
(215, 141, 1, 0),
(215, 143, 1, 0),
(215, 147, 1, 0),
(215, 148, 1, 0),
(215, 153, 1, 0),
(215, 154, 1, 0),
(215, 157, 1, 0),
(215, 158, 1, 0),
(215, 160, 1, 0),
(215, 161, 1, 0),
(215, 166, 1, 0),
(215, 167, 1, 0),
(215, 170, 1, 0),
(215, 172, 1, 0),
(215, 177, 1, 0),
(215, 180, 1, 0),
(215, 192, 1, 0),
(215, 196, 1, 0),
(215, 198, 1, 0),
(215, 199, 1, 0),
(216, 126, 1, 0),
(216, 127, 1, 1),
(216, 130, 1, 0),
(216, 141, 1, 0),
(216, 143, 1, 0),
(216, 153, 1, 0),
(216, 154, 1, 0),
(216, 157, 1, 0),
(216, 158, 1, 0),
(216, 160, 1, 0),
(216, 161, 1, 0),
(216, 166, 1, 0),
(216, 170, 1, 0),
(216, 172, 1, 0),
(216, 177, 1, 0),
(216, 196, 1, 0),
(216, 198, 1, 0),
(216, 199, 1, 0),
(217, 126, 1, 0),
(217, 127, 1, 1),
(217, 130, 1, 0),
(217, 132, 1, 0),
(217, 133, 1, 0),
(217, 135, 1, 0),
(217, 141, 1, 0),
(217, 143, 1, 0),
(217, 153, 1, 0),
(217, 154, 1, 0),
(217, 157, 1, 0),
(217, 158, 1, 0),
(217, 160, 1, 0),
(217, 161, 1, 0),
(217, 166, 1, 0),
(217, 170, 1, 0),
(217, 171, 1, 0),
(217, 172, 1, 0),
(217, 177, 1, 0),
(217, 180, 1, 0),
(217, 183, 1, 0),
(217, 186, 1, 0),
(217, 192, 1, 0),
(217, 196, 1, 0),
(217, 198, 1, 0),
(217, 199, 1, 0),
(217, 200, 0, 1),
(218, 126, 1, 0),
(218, 127, 1, 1),
(218, 130, 1, 0),
(218, 141, 1, 0),
(218, 143, 1, 0),
(218, 153, 1, 0),
(218, 154, 1, 0),
(218, 157, 1, 0),
(218, 158, 1, 0),
(218, 160, 1, 0),
(218, 161, 1, 0),
(218, 166, 1, 0),
(218, 170, 1, 0),
(218, 172, 1, 0),
(218, 177, 1, 0),
(218, 196, 1, 0),
(218, 198, 1, 1),
(218, 199, 1, 0),
(219, 126, 1, 0),
(219, 127, 1, 1),
(219, 130, 1, 0),
(219, 141, 1, 0),
(219, 143, 1, 0),
(219, 153, 1, 0),
(219, 154, 1, 0),
(219, 157, 1, 0),
(219, 158, 1, 0),
(219, 160, 1, 0),
(219, 161, 1, 1),
(219, 166, 1, 0),
(219, 170, 1, 0),
(219, 172, 1, 0),
(219, 177, 1, 0),
(219, 196, 1, 0),
(219, 198, 1, 0),
(219, 199, 1, 0),
(220, 126, 1, 0),
(220, 127, 1, 1),
(220, 130, 1, 0),
(220, 141, 1, 0),
(220, 143, 1, 1),
(220, 153, 1, 0),
(220, 154, 1, 0),
(220, 157, 1, 0),
(220, 158, 1, 0),
(220, 160, 1, 0),
(220, 161, 1, 0),
(220, 166, 1, 0),
(220, 170, 1, 0),
(220, 172, 1, 0),
(220, 177, 1, 0),
(220, 196, 1, 0),
(220, 198, 1, 0),
(220, 199, 1, 0),
(221, 126, 1, 0),
(221, 127, 1, 1),
(221, 130, 1, 0),
(221, 141, 1, 0),
(221, 143, 1, 0),
(221, 153, 1, 0),
(221, 154, 1, 0),
(221, 157, 1, 0),
(221, 158, 1, 0),
(221, 160, 1, 0),
(221, 161, 1, 0),
(221, 166, 1, 0),
(221, 170, 1, 0),
(221, 172, 1, 0),
(221, 177, 1, 0),
(221, 196, 1, 0),
(221, 198, 1, 0),
(221, 199, 1, 0),
(223, 126, 1, 0),
(223, 127, 1, 1),
(223, 130, 1, 0),
(223, 141, 1, 0),
(223, 143, 1, 0),
(223, 153, 1, 0),
(223, 154, 1, 0),
(223, 157, 1, 0),
(223, 158, 1, 0),
(223, 160, 1, 0),
(223, 161, 1, 0),
(223, 166, 1, 0),
(223, 170, 1, 0),
(223, 172, 1, 0),
(223, 177, 1, 0),
(223, 196, 1, 0),
(223, 198, 1, 0),
(223, 199, 1, 0),
(224, 126, 1, 0),
(224, 127, 1, 1),
(224, 130, 1, 0),
(224, 131, 1, 0),
(224, 134, 1, 0),
(224, 135, 1, 0),
(224, 141, 1, 0),
(224, 143, 1, 0),
(224, 153, 1, 0),
(224, 154, 1, 0),
(224, 157, 1, 0),
(224, 158, 1, 0),
(224, 160, 1, 0),
(224, 161, 1, 0),
(224, 166, 1, 0),
(224, 170, 1, 0),
(224, 172, 1, 0),
(224, 177, 1, 0),
(224, 180, 1, 0),
(224, 185, 1, 0),
(224, 187, 1, 0),
(224, 196, 1, 0),
(224, 198, 1, 0),
(224, 199, 1, 0),
(225, 126, 1, 0),
(225, 127, 1, 1),
(225, 130, 1, 0),
(225, 135, 1, 0),
(225, 137, 1, 0),
(225, 141, 1, 0),
(225, 143, 1, 0),
(225, 144, 1, 0),
(225, 150, 1, 0),
(225, 153, 1, 0),
(225, 154, 1, 0),
(225, 157, 1, 0),
(225, 158, 1, 0),
(225, 160, 1, 0),
(225, 161, 1, 0),
(225, 166, 1, 0),
(225, 170, 1, 0),
(225, 172, 1, 0),
(225, 177, 1, 0),
(225, 196, 1, 0),
(225, 198, 1, 0),
(225, 199, 1, 0),
(225, 207, 0, 1),
(225, 208, 0, 1),
(225, 213, 0, 1),
(226, 126, 1, 0),
(226, 127, 1, 1),
(226, 130, 1, 0),
(226, 141, 1, 0),
(226, 143, 1, 0),
(226, 153, 1, 0),
(226, 154, 1, 0),
(226, 157, 1, 0),
(226, 158, 1, 0),
(226, 160, 1, 0),
(226, 161, 1, 0),
(226, 166, 1, 0),
(226, 170, 1, 0),
(226, 172, 1, 0),
(226, 177, 1, 0),
(226, 196, 1, 0),
(226, 198, 1, 0),
(226, 199, 1, 0),
(227, 126, 1, 0),
(227, 127, 1, 1),
(227, 130, 1, 0),
(227, 141, 1, 0),
(227, 143, 1, 0),
(227, 150, 1, 0),
(227, 153, 1, 0),
(227, 154, 1, 0),
(227, 157, 1, 0),
(227, 158, 1, 0),
(227, 160, 1, 0),
(227, 161, 1, 0),
(227, 166, 1, 0),
(227, 170, 1, 0),
(227, 172, 1, 0),
(227, 177, 1, 0),
(227, 196, 1, 0),
(227, 198, 1, 0),
(227, 199, 1, 0),
(228, 126, 1, 0),
(228, 127, 1, 1),
(228, 130, 1, 0),
(228, 141, 1, 0),
(228, 143, 1, 0),
(228, 153, 1, 0),
(228, 154, 1, 0),
(228, 157, 1, 0),
(228, 158, 1, 0),
(228, 160, 1, 0),
(228, 161, 1, 0),
(228, 166, 1, 0),
(228, 170, 1, 0),
(228, 172, 1, 0),
(228, 177, 1, 0),
(228, 196, 1, 0),
(228, 198, 1, 0),
(228, 199, 1, 0),
(229, 126, 1, 0),
(229, 127, 1, 1),
(229, 130, 1, 0),
(229, 134, 1, 0),
(229, 141, 1, 0),
(229, 143, 1, 0),
(229, 147, 1, 0),
(229, 153, 1, 0),
(229, 154, 1, 0),
(229, 157, 1, 0),
(229, 158, 1, 0),
(229, 160, 1, 0),
(229, 161, 1, 0),
(229, 166, 1, 0),
(229, 167, 1, 0),
(229, 170, 1, 0),
(229, 172, 1, 0),
(229, 176, 1, 0),
(229, 177, 1, 0),
(229, 180, 1, 0),
(229, 196, 1, 0),
(229, 198, 1, 0),
(229, 199, 1, 0),
(230, 126, 1, 0),
(230, 127, 1, 1),
(230, 130, 1, 0),
(230, 141, 1, 0),
(230, 143, 1, 0),
(230, 153, 1, 0),
(230, 154, 1, 0),
(230, 157, 1, 0),
(230, 158, 1, 0),
(230, 160, 1, 0),
(230, 161, 1, 0),
(230, 166, 1, 0),
(230, 170, 1, 0),
(230, 172, 1, 0),
(230, 177, 1, 0),
(230, 196, 1, 0),
(230, 198, 1, 0),
(230, 199, 1, 0),
(231, 126, 1, 0),
(231, 127, 1, 0),
(231, 143, 1, 0),
(231, 146, 1, 0),
(231, 147, 1, 0),
(231, 153, 1, 0),
(231, 154, 1, 0),
(231, 157, 1, 0),
(231, 160, 1, 0),
(231, 163, 1, 0),
(231, 166, 1, 0),
(231, 167, 1, 0),
(231, 170, 1, 0),
(231, 172, 1, 0),
(231, 177, 1, 0),
(231, 198, 1, 0),
(232, 126, 1, 0),
(232, 127, 1, 0),
(232, 143, 1, 0),
(232, 146, 1, 0),
(232, 147, 1, 0),
(232, 153, 1, 0),
(232, 154, 1, 0),
(232, 157, 1, 0),
(232, 160, 1, 0),
(232, 163, 1, 0),
(232, 166, 1, 0),
(232, 167, 1, 0),
(232, 170, 1, 0),
(232, 172, 1, 0),
(232, 177, 1, 0),
(232, 198, 1, 0),
(233, 126, 1, 0),
(233, 127, 1, 0),
(233, 143, 1, 0),
(233, 146, 1, 0),
(233, 147, 1, 0),
(233, 153, 1, 0),
(233, 154, 1, 0),
(233, 157, 1, 0),
(233, 160, 1, 0),
(233, 163, 1, 0),
(233, 166, 1, 0),
(233, 167, 1, 0),
(233, 170, 1, 0),
(233, 172, 1, 0),
(233, 177, 1, 0),
(233, 198, 1, 0),
(234, 126, 1, 0),
(234, 127, 1, 0),
(234, 143, 1, 0),
(234, 146, 1, 0),
(234, 147, 1, 0),
(234, 153, 1, 0),
(234, 154, 1, 0),
(234, 157, 1, 0),
(234, 160, 1, 0),
(234, 163, 1, 0),
(234, 166, 1, 0),
(234, 167, 1, 0),
(234, 170, 1, 0),
(234, 172, 1, 0),
(234, 177, 1, 0),
(234, 198, 1, 0),
(235, 126, 1, 0),
(235, 127, 1, 0),
(235, 143, 1, 0),
(235, 146, 1, 0),
(235, 147, 1, 0),
(235, 153, 1, 0),
(235, 154, 1, 0),
(235, 157, 1, 0),
(235, 160, 1, 0),
(235, 163, 1, 0),
(235, 166, 1, 0),
(235, 167, 1, 0),
(235, 170, 1, 0),
(235, 172, 1, 0),
(235, 177, 1, 0),
(235, 198, 1, 0),
(236, 126, 1, 0),
(236, 127, 1, 0),
(236, 143, 1, 0),
(236, 146, 1, 0),
(236, 147, 1, 0),
(236, 153, 1, 0),
(236, 154, 1, 0),
(236, 157, 1, 0),
(236, 160, 1, 0),
(236, 163, 1, 0),
(236, 166, 1, 0),
(236, 167, 1, 0),
(236, 170, 1, 0),
(236, 172, 1, 0),
(236, 177, 1, 0),
(236, 198, 1, 0),
(238, 126, 1, 0),
(238, 127, 1, 1),
(238, 131, 1, 0),
(238, 135, 1, 0),
(238, 137, 1, 0),
(238, 143, 1, 0),
(238, 144, 1, 0),
(238, 152, 1, 0),
(238, 153, 1, 0),
(238, 154, 1, 0),
(238, 160, 1, 0),
(238, 166, 1, 0),
(238, 170, 1, 0),
(238, 172, 1, 0),
(238, 177, 1, 0),
(238, 180, 1, 0),
(238, 183, 1, 0),
(238, 190, 1, 0),
(238, 192, 1, 0),
(238, 196, 1, 0),
(238, 198, 1, 0),
(239, 126, 1, 0),
(239, 127, 1, 1),
(239, 137, 1, 0),
(239, 143, 1, 0),
(239, 144, 1, 0),
(239, 152, 1, 0),
(239, 153, 1, 0),
(239, 154, 1, 0),
(239, 160, 1, 0),
(239, 166, 1, 0),
(239, 170, 1, 0),
(239, 172, 1, 0),
(239, 177, 1, 0),
(239, 180, 1, 0),
(239, 183, 1, 0),
(239, 190, 1, 0),
(239, 196, 1, 0),
(239, 198, 1, 0),
(240, 126, 1, 0),
(240, 127, 1, 1),
(240, 137, 1, 0),
(240, 143, 1, 0),
(240, 144, 1, 0),
(240, 152, 1, 0),
(240, 153, 1, 0),
(240, 154, 1, 0),
(240, 160, 1, 0),
(240, 166, 1, 0),
(240, 170, 1, 0),
(240, 172, 1, 0),
(240, 177, 1, 0),
(240, 180, 1, 0),
(240, 183, 1, 0),
(240, 190, 1, 0),
(240, 196, 1, 0),
(240, 198, 1, 0),
(241, 126, 1, 0),
(241, 127, 1, 1),
(241, 137, 1, 0),
(241, 143, 1, 0),
(241, 144, 1, 0),
(241, 152, 1, 0),
(241, 153, 1, 0),
(241, 154, 1, 0),
(241, 160, 1, 0),
(241, 166, 1, 0),
(241, 170, 1, 0),
(241, 172, 1, 0),
(241, 177, 1, 0),
(241, 180, 1, 0),
(241, 183, 1, 0),
(241, 190, 1, 0),
(241, 196, 1, 0),
(241, 198, 1, 0),
(243, 126, 1, 0),
(243, 127, 1, 1),
(243, 133, 0, 0),
(243, 137, 1, 0),
(243, 143, 1, 0),
(243, 144, 1, 0),
(243, 152, 1, 0),
(243, 153, 1, 0),
(243, 154, 1, 0),
(243, 160, 1, 1),
(243, 166, 1, 1),
(243, 170, 1, 0),
(243, 172, 1, 0),
(243, 177, 1, 0),
(243, 180, 1, 0),
(243, 183, 1, 0),
(243, 190, 1, 0),
(243, 196, 1, 0),
(243, 198, 1, 0),
(244, 126, 1, 0),
(244, 127, 1, 1),
(244, 137, 1, 0),
(244, 143, 1, 0),
(244, 144, 1, 0),
(244, 152, 1, 0),
(244, 153, 1, 0),
(244, 154, 1, 0),
(244, 160, 1, 0),
(244, 166, 1, 0),
(244, 170, 1, 0),
(244, 172, 1, 0),
(244, 177, 1, 0),
(244, 180, 1, 0),
(244, 183, 1, 0),
(244, 190, 1, 0),
(244, 196, 1, 0),
(244, 198, 1, 0),
(245, 126, 1, 0),
(245, 127, 1, 1),
(245, 137, 1, 0),
(245, 143, 1, 0),
(245, 144, 1, 0),
(245, 152, 1, 0),
(245, 153, 1, 0),
(245, 154, 1, 0),
(245, 160, 1, 0),
(245, 166, 1, 0),
(245, 170, 1, 0),
(245, 172, 1, 0),
(245, 177, 1, 0),
(245, 180, 1, 0),
(245, 183, 1, 0),
(245, 190, 1, 0),
(245, 196, 1, 0),
(245, 198, 1, 0),
(245, 206, 0, 1),
(246, 126, 1, 0),
(246, 127, 1, 1),
(246, 137, 1, 0),
(246, 143, 1, 0),
(246, 144, 1, 0),
(246, 152, 1, 0),
(246, 153, 1, 0),
(246, 154, 1, 0),
(246, 160, 1, 0),
(246, 166, 1, 0),
(246, 170, 1, 0),
(246, 172, 1, 0),
(246, 177, 1, 0),
(246, 180, 1, 0),
(246, 183, 1, 0),
(246, 190, 1, 0),
(246, 192, 1, 0),
(246, 196, 1, 0),
(246, 198, 1, 0),
(247, 126, 1, 0),
(247, 127, 1, 1),
(247, 137, 1, 0),
(247, 143, 1, 0),
(247, 144, 1, 0),
(247, 152, 1, 0),
(247, 153, 1, 0),
(247, 154, 1, 0),
(247, 160, 1, 0),
(247, 166, 1, 0),
(247, 170, 1, 0),
(247, 172, 1, 0),
(247, 177, 1, 0),
(247, 180, 1, 0),
(247, 183, 1, 0),
(247, 190, 1, 0),
(247, 196, 1, 0),
(247, 198, 1, 0),
(248, 126, 1, 0),
(248, 127, 1, 1),
(248, 137, 1, 0),
(248, 143, 1, 0),
(248, 144, 1, 0),
(248, 152, 1, 0),
(248, 153, 1, 0),
(248, 154, 1, 0),
(248, 160, 1, 0),
(248, 166, 1, 0),
(248, 170, 1, 0),
(248, 172, 1, 0),
(248, 177, 1, 0),
(248, 180, 1, 0),
(248, 183, 1, 0),
(248, 190, 1, 0),
(248, 196, 1, 0),
(248, 198, 1, 0),
(249, 126, 1, 0),
(249, 127, 1, 1),
(249, 137, 1, 0),
(249, 143, 1, 0),
(249, 144, 1, 0),
(249, 152, 1, 0),
(249, 153, 1, 0),
(249, 154, 1, 0),
(249, 160, 1, 0),
(249, 166, 1, 0),
(249, 170, 1, 0),
(249, 172, 1, 0),
(249, 177, 1, 0),
(249, 180, 1, 0),
(249, 183, 1, 0),
(249, 190, 1, 0),
(249, 196, 1, 0),
(249, 198, 1, 0),
(250, 126, 1, 0),
(250, 127, 1, 1),
(250, 137, 1, 0),
(250, 143, 1, 0),
(250, 144, 1, 0),
(250, 152, 1, 0),
(250, 153, 1, 0),
(250, 154, 1, 0),
(250, 160, 1, 0),
(250, 166, 1, 0),
(250, 170, 1, 0),
(250, 172, 1, 0),
(250, 177, 1, 0),
(250, 180, 1, 1),
(250, 183, 1, 1),
(250, 190, 1, 0),
(250, 196, 1, 0),
(250, 198, 1, 0),
(251, 126, 1, 0),
(251, 127, 1, 1),
(251, 137, 1, 0),
(251, 143, 1, 0),
(251, 144, 1, 0),
(251, 152, 1, 0),
(251, 153, 1, 0),
(251, 154, 1, 0),
(251, 160, 1, 0),
(251, 166, 1, 0),
(251, 170, 1, 0),
(251, 172, 1, 0),
(251, 177, 1, 0),
(251, 180, 1, 0),
(251, 183, 1, 0),
(251, 190, 1, 0),
(251, 196, 1, 0),
(251, 198, 1, 0),
(252, 126, 1, 0),
(252, 127, 1, 1),
(252, 137, 1, 0),
(252, 143, 1, 0),
(252, 144, 1, 0),
(252, 152, 1, 0),
(252, 153, 1, 0),
(252, 154, 1, 0),
(252, 160, 1, 0),
(252, 166, 1, 0),
(252, 170, 1, 0),
(252, 172, 1, 0),
(252, 177, 1, 0),
(252, 180, 1, 0),
(252, 183, 1, 0),
(252, 190, 1, 0),
(252, 196, 1, 0),
(252, 198, 1, 0),
(253, 126, 1, 0),
(253, 127, 1, 1),
(253, 137, 1, 0),
(253, 143, 1, 0),
(253, 144, 1, 0),
(253, 152, 1, 0),
(253, 153, 1, 0),
(253, 154, 1, 0),
(253, 160, 1, 0),
(253, 166, 1, 0),
(253, 170, 1, 0),
(253, 172, 1, 0),
(253, 177, 1, 0),
(253, 180, 1, 0),
(253, 183, 1, 0),
(253, 190, 1, 0),
(253, 196, 1, 0),
(253, 198, 1, 0),
(254, 126, 1, 0),
(254, 127, 1, 1),
(254, 131, 1, 0),
(254, 134, 1, 0),
(254, 137, 1, 0),
(254, 143, 1, 0),
(254, 144, 1, 1),
(254, 147, 1, 0),
(254, 148, 1, 0),
(254, 152, 1, 1),
(254, 153, 1, 0),
(254, 154, 1, 0),
(254, 160, 1, 0),
(254, 166, 1, 0),
(254, 167, 1, 0),
(254, 170, 1, 0),
(254, 172, 1, 0),
(254, 177, 1, 0),
(254, 180, 1, 0),
(254, 183, 1, 0),
(254, 190, 1, 0),
(254, 192, 1, 0),
(254, 196, 1, 0),
(254, 198, 1, 0),
(255, 126, 1, 0),
(255, 127, 1, 1),
(255, 137, 1, 0),
(255, 143, 1, 0),
(255, 144, 1, 1),
(255, 152, 1, 0),
(255, 153, 1, 0),
(255, 154, 1, 0),
(255, 160, 1, 0),
(255, 166, 1, 0),
(255, 170, 1, 0),
(255, 172, 1, 0),
(255, 177, 1, 0),
(255, 180, 1, 0),
(255, 183, 1, 0),
(255, 190, 1, 0),
(255, 196, 1, 0),
(255, 198, 1, 0),
(256, 126, 1, 0),
(256, 127, 1, 1),
(256, 137, 1, 0),
(256, 143, 1, 0),
(256, 144, 1, 1),
(256, 152, 1, 0),
(256, 153, 1, 0),
(256, 154, 1, 0),
(256, 160, 1, 0),
(256, 166, 1, 0),
(256, 170, 1, 0),
(256, 172, 1, 0),
(256, 177, 1, 0),
(256, 180, 1, 0),
(256, 183, 1, 0),
(256, 190, 1, 0),
(256, 196, 1, 0),
(256, 198, 1, 0),
(257, 126, 1, 0),
(257, 127, 1, 0),
(257, 141, 1, 0),
(257, 143, 1, 0),
(257, 144, 1, 0),
(257, 153, 1, 0),
(257, 154, 1, 0),
(257, 155, 1, 0),
(257, 157, 1, 0),
(257, 160, 1, 0),
(257, 161, 1, 0),
(257, 170, 1, 0),
(257, 172, 1, 0),
(257, 177, 1, 0),
(257, 196, 1, 0),
(257, 198, 1, 0),
(257, 206, 0, 1),
(258, 126, 1, 0),
(258, 127, 1, 0),
(258, 141, 1, 0),
(258, 143, 1, 0),
(258, 144, 1, 0),
(258, 153, 1, 0),
(258, 154, 1, 0),
(258, 155, 1, 0),
(258, 157, 1, 0),
(258, 160, 1, 0),
(258, 161, 1, 0),
(258, 170, 1, 0),
(258, 172, 1, 0),
(258, 177, 1, 0),
(258, 196, 1, 0),
(258, 198, 1, 0),
(258, 206, 0, 1),
(259, 126, 1, 0),
(259, 127, 1, 0),
(259, 141, 1, 0),
(259, 143, 1, 0),
(259, 144, 1, 0),
(259, 153, 1, 0),
(259, 154, 1, 0),
(259, 155, 1, 0),
(259, 157, 1, 0),
(259, 160, 1, 0),
(259, 161, 1, 0),
(259, 170, 1, 0),
(259, 172, 1, 0),
(259, 177, 1, 0),
(259, 196, 1, 0),
(259, 198, 1, 0),
(259, 206, 0, 1),
(260, 126, 1, 0),
(260, 127, 1, 0),
(260, 141, 1, 0),
(260, 143, 1, 0),
(260, 144, 1, 0),
(260, 153, 1, 0),
(260, 154, 1, 0),
(260, 155, 1, 0),
(260, 157, 1, 0),
(260, 160, 1, 0),
(260, 161, 1, 0),
(260, 170, 1, 0),
(260, 172, 1, 0),
(260, 177, 1, 0),
(260, 196, 1, 0),
(260, 198, 1, 0),
(260, 206, 0, 1),
(261, 126, 1, 0),
(261, 127, 1, 0),
(261, 141, 1, 0),
(261, 143, 1, 0),
(261, 144, 1, 0),
(261, 153, 1, 0),
(261, 154, 1, 0),
(261, 155, 1, 0),
(261, 157, 1, 0),
(261, 160, 1, 0),
(261, 161, 1, 0),
(261, 170, 1, 0),
(261, 172, 1, 0),
(261, 177, 1, 0),
(261, 196, 1, 0),
(261, 198, 1, 0),
(261, 206, 0, 1),
(262, 126, 1, 0),
(262, 127, 1, 0),
(262, 141, 1, 0),
(262, 143, 1, 0),
(262, 144, 1, 0),
(262, 153, 1, 0),
(262, 154, 1, 0),
(262, 155, 1, 0),
(262, 157, 1, 0),
(262, 160, 1, 0),
(262, 161, 1, 0),
(262, 170, 1, 0),
(262, 172, 1, 0),
(262, 177, 1, 0),
(262, 196, 1, 0),
(262, 198, 1, 0),
(262, 206, 0, 1),
(263, 126, 1, 0),
(263, 127, 1, 0),
(263, 141, 1, 0),
(263, 143, 1, 0),
(263, 144, 1, 0),
(263, 153, 1, 0),
(263, 154, 1, 0),
(263, 155, 1, 0),
(263, 157, 1, 0),
(263, 160, 1, 0),
(263, 161, 1, 0),
(263, 170, 1, 0),
(263, 172, 1, 0),
(263, 177, 1, 0),
(263, 196, 1, 0),
(263, 198, 1, 0),
(263, 206, 0, 1),
(264, 126, 1, 0),
(264, 153, 1, 1),
(264, 154, 1, 1),
(264, 155, 1, 0),
(264, 157, 1, 0),
(264, 160, 1, 0),
(264, 161, 1, 0),
(264, 170, 1, 0),
(264, 172, 1, 0),
(264, 175, 1, 0),
(265, 126, 1, 0),
(265, 153, 1, 0),
(265, 154, 1, 0),
(265, 155, 1, 0),
(265, 157, 1, 0),
(265, 160, 1, 0),
(265, 161, 1, 0),
(265, 170, 1, 0),
(265, 172, 1, 0),
(265, 175, 1, 0),
(266, 126, 1, 0),
(266, 153, 1, 0),
(266, 154, 1, 0),
(266, 155, 1, 0),
(266, 157, 1, 0),
(266, 160, 1, 0),
(266, 161, 1, 0),
(266, 170, 1, 0),
(266, 172, 1, 0),
(266, 175, 1, 0),
(267, 126, 1, 0),
(267, 153, 1, 0),
(267, 154, 1, 0),
(267, 155, 1, 0),
(267, 157, 1, 0),
(267, 160, 1, 0),
(267, 161, 1, 0),
(267, 170, 1, 0),
(267, 172, 1, 0),
(267, 175, 1, 0),
(268, 126, 1, 0),
(268, 153, 1, 0),
(268, 154, 1, 0),
(268, 155, 1, 0),
(268, 157, 1, 0),
(268, 160, 1, 0),
(268, 161, 1, 0),
(268, 170, 1, 0),
(268, 172, 1, 0),
(268, 175, 1, 0),
(269, 126, 1, 0),
(269, 144, 1, 0),
(269, 146, 1, 1),
(269, 153, 1, 0),
(269, 154, 1, 0),
(269, 160, 1, 0),
(269, 161, 1, 0),
(269, 167, 1, 0),
(269, 199, 1, 0),
(270, 126, 1, 0),
(270, 144, 1, 0),
(270, 146, 1, 0),
(270, 153, 1, 0),
(270, 154, 1, 0),
(270, 160, 1, 0),
(270, 161, 1, 0),
(270, 167, 1, 0),
(270, 199, 1, 0),
(273, 126, 1, 0),
(273, 153, 1, 0),
(273, 154, 1, 0),
(273, 155, 1, 0),
(273, 157, 1, 0),
(273, 160, 1, 0),
(273, 161, 1, 0),
(273, 170, 1, 0),
(273, 172, 1, 0),
(273, 175, 1, 0),
(282, 126, 1, 0),
(282, 153, 1, 0),
(282, 154, 1, 0),
(282, 155, 1, 0),
(282, 157, 1, 0),
(282, 160, 1, 0),
(282, 161, 1, 0),
(282, 170, 1, 0),
(282, 172, 1, 0),
(282, 175, 1, 0),
(284, 126, 1, 0),
(284, 144, 1, 0),
(284, 146, 1, 0),
(284, 153, 1, 0),
(284, 154, 1, 0),
(284, 160, 1, 0),
(284, 161, 1, 0),
(284, 167, 1, 0),
(284, 199, 1, 0),
(285, 126, 1, 0),
(285, 144, 1, 0),
(285, 146, 1, 0),
(285, 153, 1, 0),
(285, 154, 1, 0),
(285, 160, 1, 0),
(285, 161, 1, 0),
(285, 167, 1, 0),
(285, 199, 1, 0),
(286, 126, 1, 0),
(286, 144, 1, 0),
(286, 146, 1, 0),
(286, 153, 1, 0),
(286, 154, 1, 0),
(286, 160, 1, 0),
(286, 161, 1, 0),
(286, 167, 1, 0),
(286, 199, 1, 0),
(287, 126, 1, 0),
(287, 144, 1, 0),
(287, 146, 1, 0),
(287, 153, 1, 0),
(287, 154, 1, 0),
(287, 160, 1, 0),
(287, 161, 1, 0),
(287, 167, 1, 0),
(287, 199, 1, 0),
(290, 126, 1, 0),
(290, 144, 1, 0),
(290, 146, 1, 0),
(290, 153, 1, 0),
(290, 154, 1, 0),
(290, 160, 1, 0),
(290, 161, 1, 0),
(290, 167, 1, 0),
(290, 199, 1, 0),
(291, 126, 1, 0),
(291, 144, 1, 0),
(291, 146, 1, 0),
(291, 153, 1, 0),
(291, 154, 1, 0),
(291, 160, 1, 1),
(291, 161, 1, 0),
(291, 167, 1, 0),
(291, 199, 1, 0),
(292, 126, 1, 0),
(292, 144, 1, 0),
(292, 146, 1, 0),
(292, 153, 1, 0),
(292, 154, 1, 0),
(292, 160, 1, 0),
(292, 161, 1, 0),
(292, 167, 1, 0),
(292, 199, 1, 0),
(294, 126, 1, 0),
(294, 144, 1, 0),
(294, 146, 1, 0),
(294, 153, 1, 0),
(294, 154, 1, 0),
(294, 160, 1, 0),
(294, 161, 1, 0),
(294, 167, 1, 0),
(294, 199, 1, 0),
(295, 126, 1, 0),
(295, 144, 1, 0),
(295, 146, 1, 0),
(295, 153, 1, 0),
(295, 154, 1, 0),
(295, 160, 1, 1),
(295, 161, 1, 0),
(295, 167, 1, 0),
(295, 199, 1, 0),
(296, 126, 1, 0),
(296, 144, 1, 0),
(296, 146, 1, 0),
(296, 153, 1, 0),
(296, 154, 1, 0),
(296, 160, 1, 0),
(296, 161, 1, 0),
(296, 167, 1, 0),
(296, 199, 1, 0),
(297, 126, 1, 0),
(297, 144, 1, 0),
(297, 146, 1, 0),
(297, 153, 1, 0),
(297, 154, 1, 0),
(297, 160, 1, 0),
(297, 161, 1, 0),
(297, 167, 1, 0),
(297, 199, 1, 0),
(298, 126, 1, 0),
(298, 144, 1, 0),
(298, 146, 1, 0),
(298, 153, 1, 0),
(298, 154, 1, 0),
(298, 160, 1, 0),
(298, 161, 1, 0),
(298, 167, 1, 0),
(298, 199, 1, 0),
(300, 126, 1, 0),
(300, 144, 1, 0),
(300, 146, 1, 0),
(300, 153, 1, 0),
(300, 154, 1, 0),
(300, 160, 1, 0),
(300, 161, 1, 0),
(300, 167, 1, 0),
(300, 199, 1, 0),
(303, 126, 1, 0),
(303, 144, 1, 0),
(303, 146, 1, 0),
(303, 153, 1, 0),
(303, 154, 1, 0),
(303, 160, 1, 0),
(303, 161, 1, 0),
(303, 167, 1, 0),
(303, 199, 1, 0),
(304, 126, 1, 0),
(304, 144, 1, 0),
(304, 146, 1, 0),
(304, 153, 1, 0),
(304, 154, 1, 0),
(304, 160, 1, 0),
(304, 161, 1, 0),
(304, 167, 1, 0),
(304, 199, 1, 0),
(305, 126, 1, 0),
(305, 144, 1, 0),
(305, 146, 1, 0),
(305, 153, 1, 0),
(305, 154, 1, 0),
(305, 160, 1, 0),
(305, 161, 1, 0),
(305, 167, 1, 0),
(305, 199, 1, 0),
(306, 126, 1, 0),
(306, 144, 1, 0),
(306, 146, 1, 0),
(306, 153, 1, 0),
(306, 154, 1, 0),
(306, 160, 1, 0),
(306, 161, 1, 0),
(306, 167, 1, 0),
(306, 199, 1, 0),
(307, 126, 1, 0),
(307, 144, 1, 0),
(307, 146, 1, 0),
(307, 153, 1, 0),
(307, 154, 1, 0),
(307, 160, 1, 0),
(307, 161, 1, 0),
(307, 167, 1, 0),
(307, 199, 1, 0),
(308, 126, 1, 0),
(308, 144, 1, 0),
(308, 146, 1, 0),
(308, 153, 1, 0),
(308, 154, 1, 0),
(308, 160, 1, 0),
(308, 161, 1, 0),
(308, 167, 1, 0),
(308, 199, 1, 0),
(309, 126, 1, 0),
(309, 137, 1, 0),
(309, 142, 1, 0),
(309, 143, 1, 0),
(309, 144, 1, 0),
(309, 152, 1, 0),
(309, 153, 1, 0),
(309, 154, 1, 0),
(309, 160, 1, 0),
(309, 172, 1, 0),
(309, 177, 1, 0),
(309, 180, 1, 0),
(309, 191, 1, 0),
(309, 193, 1, 0),
(309, 196, 1, 0),
(309, 198, 1, 0),
(309, 206, 0, 1),
(310, 126, 1, 0),
(310, 137, 1, 0),
(310, 142, 1, 0),
(310, 143, 1, 0),
(310, 144, 1, 0),
(310, 152, 1, 0),
(310, 153, 1, 0),
(310, 154, 1, 0),
(310, 160, 1, 0),
(310, 172, 1, 0),
(310, 177, 1, 0),
(310, 180, 1, 0),
(310, 191, 1, 0),
(310, 193, 1, 0),
(310, 196, 1, 0),
(310, 198, 1, 0),
(310, 206, 0, 1),
(310, 212, 0, 1),
(312, 126, 1, 0),
(312, 137, 1, 0),
(312, 142, 1, 0),
(312, 143, 1, 0),
(312, 144, 1, 0),
(312, 152, 1, 0),
(312, 153, 1, 0),
(312, 154, 1, 0),
(312, 160, 1, 0),
(312, 172, 1, 0),
(312, 177, 1, 0),
(312, 180, 1, 0),
(312, 191, 1, 0),
(312, 193, 1, 0),
(312, 196, 1, 0),
(312, 198, 1, 0),
(312, 203, 0, 1),
(312, 206, 0, 1),
(313, 126, 1, 0),
(313, 137, 1, 0),
(313, 142, 1, 0),
(313, 143, 1, 0),
(313, 144, 1, 0),
(313, 152, 1, 0),
(313, 153, 1, 0),
(313, 154, 1, 0),
(313, 160, 1, 0),
(313, 172, 1, 0),
(313, 177, 1, 0),
(313, 180, 1, 0),
(313, 191, 1, 0),
(313, 193, 1, 0),
(313, 196, 1, 0),
(313, 198, 1, 0),
(313, 206, 0, 1),
(314, 126, 1, 0),
(314, 137, 1, 0),
(314, 142, 1, 0),
(314, 143, 1, 0),
(314, 144, 1, 0),
(314, 152, 1, 0),
(314, 153, 1, 0),
(314, 154, 1, 0),
(314, 160, 1, 0),
(314, 172, 1, 0),
(314, 177, 1, 0),
(314, 180, 1, 0),
(314, 191, 1, 0),
(314, 193, 1, 0),
(314, 196, 1, 0),
(314, 198, 1, 0),
(314, 206, 0, 1),
(315, 126, 1, 0),
(315, 137, 1, 0),
(315, 142, 1, 0),
(315, 143, 1, 0),
(315, 144, 1, 0),
(315, 152, 1, 0),
(315, 153, 1, 0),
(315, 154, 1, 0),
(315, 160, 1, 0),
(315, 172, 1, 0),
(315, 177, 1, 0),
(315, 180, 1, 0),
(315, 191, 1, 0),
(315, 193, 1, 0),
(315, 196, 1, 0),
(315, 198, 1, 0),
(315, 206, 0, 1),
(316, 126, 1, 0),
(316, 137, 1, 0),
(316, 142, 1, 0),
(316, 143, 1, 0),
(316, 144, 1, 0),
(316, 152, 1, 0),
(316, 153, 1, 1),
(316, 154, 1, 1),
(316, 160, 1, 0),
(316, 172, 1, 0),
(316, 177, 1, 0),
(316, 180, 1, 0),
(316, 191, 1, 0),
(316, 193, 1, 0),
(316, 196, 1, 0),
(316, 198, 1, 0),
(316, 206, 0, 1),
(316, 211, 0, 1),
(317, 126, 1, 0),
(317, 137, 1, 0),
(317, 142, 1, 0),
(317, 143, 1, 0),
(317, 144, 1, 0),
(317, 152, 1, 0),
(317, 153, 1, 0),
(317, 154, 1, 0),
(317, 160, 1, 0),
(317, 172, 1, 0),
(317, 177, 1, 0),
(317, 180, 1, 0),
(317, 191, 1, 0),
(317, 193, 1, 0),
(317, 196, 1, 0),
(317, 198, 1, 0),
(317, 206, 0, 1),
(317, 212, 0, 1),
(318, 126, 1, 0),
(318, 127, 1, 0),
(318, 141, 1, 0),
(318, 143, 1, 0),
(318, 144, 1, 0),
(318, 153, 1, 0),
(318, 154, 1, 0),
(318, 157, 1, 0),
(318, 160, 1, 0),
(318, 161, 1, 0),
(318, 170, 1, 0),
(318, 172, 1, 0),
(318, 198, 1, 0),
(318, 206, 0, 1),
(319, 126, 1, 0),
(319, 127, 1, 0),
(319, 141, 1, 0),
(319, 143, 1, 0),
(319, 144, 1, 0),
(319, 153, 1, 0),
(319, 154, 1, 0),
(319, 157, 1, 0),
(319, 160, 1, 0),
(319, 161, 1, 0),
(319, 170, 1, 0),
(319, 172, 1, 0),
(319, 198, 1, 0),
(319, 206, 0, 1),
(320, 126, 1, 0),
(320, 127, 1, 0),
(320, 141, 1, 0),
(320, 143, 1, 0),
(320, 144, 1, 0),
(320, 153, 1, 0),
(320, 154, 1, 0),
(320, 157, 1, 0),
(320, 160, 1, 0),
(320, 161, 1, 0),
(320, 170, 1, 0),
(320, 172, 1, 0),
(320, 198, 1, 0),
(320, 206, 0, 1),
(321, 126, 1, 0),
(321, 127, 1, 0),
(321, 141, 1, 0),
(321, 143, 1, 0),
(321, 144, 1, 0),
(321, 153, 1, 0),
(321, 154, 1, 0),
(321, 157, 1, 0),
(321, 160, 1, 0),
(321, 161, 1, 0),
(321, 170, 1, 0),
(321, 172, 1, 0),
(321, 198, 1, 0),
(321, 206, 0, 1),
(322, 126, 1, 0),
(322, 127, 1, 0),
(322, 133, 0, 0),
(322, 135, 1, 0),
(322, 141, 1, 0),
(322, 143, 1, 0),
(322, 144, 1, 0),
(322, 153, 1, 0),
(322, 154, 1, 0),
(322, 157, 1, 0),
(322, 160, 1, 0),
(322, 161, 1, 0),
(322, 162, 1, 0),
(322, 167, 1, 0),
(322, 170, 1, 0),
(322, 171, 1, 0),
(322, 172, 1, 0),
(322, 177, 1, 0),
(322, 186, 1, 0),
(322, 194, 1, 0),
(322, 196, 1, 0),
(322, 198, 1, 0),
(323, 126, 1, 0),
(323, 127, 1, 0),
(323, 141, 1, 0),
(323, 143, 1, 0),
(323, 144, 1, 0),
(323, 153, 1, 0),
(323, 154, 1, 0),
(323, 157, 1, 0),
(323, 160, 1, 0),
(323, 161, 1, 0),
(323, 170, 1, 0),
(323, 171, 1, 0),
(323, 172, 1, 0),
(323, 194, 1, 0),
(323, 198, 1, 0),
(323, 201, 0, 1),
(323, 202, 0, 1),
(323, 206, 0, 1),
(324, 126, 1, 0),
(324, 127, 1, 0),
(324, 141, 1, 0),
(324, 143, 1, 0),
(324, 144, 1, 0),
(324, 153, 1, 0),
(324, 154, 1, 0),
(324, 157, 1, 0),
(324, 160, 1, 0),
(324, 161, 1, 0),
(324, 170, 1, 0),
(324, 172, 1, 0),
(324, 198, 1, 0),
(324, 202, 0, 1),
(324, 204, 0, 1),
(324, 205, 0, 1),
(324, 206, 0, 1),
(325, 126, 1, 0),
(325, 127, 1, 0),
(325, 141, 1, 0),
(325, 143, 1, 0),
(325, 144, 1, 0),
(325, 153, 1, 0),
(325, 154, 1, 0),
(325, 157, 1, 0),
(325, 160, 1, 0),
(325, 161, 1, 0),
(325, 170, 1, 0),
(325, 172, 1, 0),
(325, 198, 1, 0),
(325, 206, 0, 1),
(326, 126, 1, 0),
(326, 127, 1, 0),
(326, 133, 1, 0),
(326, 135, 1, 0),
(326, 141, 1, 0),
(326, 143, 1, 0),
(326, 144, 1, 0),
(326, 153, 1, 1),
(326, 154, 1, 1),
(326, 157, 1, 0),
(326, 160, 1, 0),
(326, 161, 1, 0),
(326, 170, 1, 0),
(326, 172, 1, 0),
(326, 198, 1, 0),
(326, 206, 0, 1),
(327, 126, 1, 0),
(327, 127, 1, 0),
(327, 133, 1, 0),
(327, 135, 1, 0),
(327, 141, 1, 0),
(327, 143, 1, 0),
(327, 144, 1, 0),
(327, 153, 1, 0),
(327, 154, 1, 0),
(327, 157, 1, 0),
(327, 160, 1, 0),
(327, 161, 1, 0),
(327, 170, 1, 0),
(327, 172, 1, 0),
(327, 198, 1, 0),
(327, 206, 0, 1),
(328, 126, 1, 0),
(328, 127, 1, 0),
(328, 141, 1, 0),
(328, 143, 1, 0),
(328, 144, 1, 0),
(328, 153, 1, 0),
(328, 154, 1, 0),
(328, 157, 1, 0),
(328, 160, 1, 0),
(328, 161, 1, 0),
(328, 170, 1, 0),
(328, 172, 1, 0),
(328, 198, 1, 0),
(328, 206, 0, 1),
(329, 126, 1, 0),
(329, 127, 1, 0),
(329, 141, 1, 0),
(329, 143, 1, 0),
(329, 144, 1, 0),
(329, 153, 1, 0),
(329, 154, 1, 0),
(329, 157, 1, 0),
(329, 160, 1, 0),
(329, 161, 1, 0),
(329, 170, 1, 1),
(329, 172, 1, 0),
(329, 198, 1, 0),
(329, 206, 0, 1),
(330, 126, 1, 0),
(330, 127, 1, 0),
(330, 141, 1, 0),
(330, 143, 1, 0),
(330, 144, 1, 0),
(330, 153, 1, 0),
(330, 154, 1, 0),
(330, 157, 1, 0),
(330, 160, 1, 0),
(330, 161, 1, 0),
(330, 170, 1, 0),
(330, 172, 1, 0),
(330, 181, 1, 0),
(330, 198, 1, 0),
(330, 206, 0, 1),
(331, 126, 1, 0),
(331, 127, 1, 0),
(331, 141, 1, 0),
(331, 143, 1, 0),
(331, 144, 1, 0),
(331, 153, 1, 0),
(331, 154, 1, 0),
(331, 157, 1, 0),
(331, 160, 1, 0),
(331, 161, 1, 0),
(331, 170, 1, 0),
(331, 172, 1, 0),
(331, 198, 1, 0),
(331, 206, 0, 1),
(332, 126, 1, 0),
(332, 127, 1, 0),
(332, 141, 1, 0),
(332, 143, 1, 0),
(332, 144, 1, 0),
(332, 153, 1, 0),
(332, 154, 1, 0),
(332, 157, 1, 0),
(332, 160, 1, 0),
(332, 161, 1, 0),
(332, 170, 1, 0),
(332, 172, 1, 0),
(332, 198, 1, 0),
(332, 206, 0, 1),
(333, 126, 1, 0),
(333, 127, 1, 0),
(333, 141, 1, 0),
(333, 143, 1, 0),
(333, 144, 1, 0),
(333, 153, 1, 0),
(333, 154, 1, 0),
(333, 157, 1, 0),
(333, 160, 1, 0),
(333, 161, 1, 0),
(333, 170, 1, 0),
(333, 172, 1, 0),
(333, 198, 1, 0),
(333, 206, 0, 1),
(334, 126, 1, 0),
(334, 127, 1, 0),
(334, 141, 1, 0),
(334, 143, 1, 0),
(334, 144, 1, 0),
(334, 153, 1, 0),
(334, 154, 1, 0),
(334, 157, 1, 0),
(334, 160, 1, 0),
(334, 161, 1, 0),
(334, 170, 1, 0),
(334, 172, 1, 0),
(334, 198, 1, 0),
(334, 206, 0, 1),
(335, 126, 1, 0),
(335, 127, 1, 0),
(335, 141, 1, 0),
(335, 143, 1, 0),
(335, 144, 1, 0),
(335, 153, 1, 0),
(335, 154, 1, 0),
(335, 157, 1, 0),
(335, 160, 1, 0),
(335, 161, 1, 0),
(335, 170, 1, 0),
(335, 172, 1, 0),
(335, 198, 1, 0),
(335, 206, 0, 1),
(336, 126, 1, 0),
(336, 127, 1, 0),
(336, 141, 1, 0),
(336, 143, 1, 0),
(336, 144, 1, 0),
(336, 153, 1, 0),
(336, 154, 1, 0),
(336, 157, 1, 0),
(336, 160, 1, 0),
(336, 161, 1, 0),
(336, 170, 1, 0),
(336, 172, 1, 0),
(336, 198, 1, 0),
(336, 206, 0, 1),
(337, 126, 1, 0),
(337, 127, 1, 0),
(337, 141, 1, 0),
(337, 143, 1, 0),
(337, 144, 1, 0),
(337, 153, 1, 0),
(337, 154, 1, 0),
(337, 157, 1, 0),
(337, 160, 1, 0),
(337, 161, 1, 0),
(337, 170, 1, 0),
(337, 172, 1, 0),
(337, 198, 1, 0),
(337, 202, 0, 1),
(337, 206, 0, 1),
(338, 126, 1, 0),
(338, 127, 1, 0),
(338, 141, 1, 0),
(338, 143, 1, 0),
(338, 144, 1, 0),
(338, 153, 1, 0),
(338, 154, 1, 0),
(338, 157, 1, 0),
(338, 160, 1, 0),
(338, 161, 1, 0),
(338, 170, 1, 0),
(338, 172, 1, 0),
(338, 198, 1, 0),
(338, 206, 0, 1),
(339, 126, 1, 0),
(339, 127, 1, 0),
(339, 141, 1, 0),
(339, 143, 1, 0),
(339, 144, 1, 0),
(339, 153, 1, 0),
(339, 154, 1, 0),
(339, 157, 1, 0),
(339, 160, 1, 0),
(339, 161, 1, 0),
(339, 170, 1, 0),
(339, 172, 1, 0),
(339, 198, 1, 0),
(340, 126, 1, 0),
(340, 127, 1, 1),
(340, 135, 1, 0),
(340, 143, 1, 0),
(340, 144, 1, 0),
(340, 149, 1, 0),
(340, 150, 1, 0),
(340, 153, 1, 0),
(340, 154, 1, 0),
(340, 160, 1, 0),
(340, 161, 1, 0),
(340, 167, 1, 0),
(340, 170, 1, 0),
(340, 172, 1, 0),
(340, 177, 1, 0),
(340, 180, 1, 0),
(340, 181, 1, 0),
(340, 184, 1, 0),
(340, 198, 1, 0),
(341, 126, 1, 0),
(341, 127, 1, 1),
(341, 135, 1, 0),
(341, 143, 1, 0),
(341, 144, 1, 0),
(341, 149, 1, 0),
(341, 150, 1, 0),
(341, 153, 1, 0),
(341, 154, 1, 0),
(341, 160, 1, 0),
(341, 161, 1, 0),
(341, 167, 1, 0),
(341, 170, 1, 0),
(341, 172, 1, 0),
(341, 177, 1, 0),
(341, 180, 1, 0),
(341, 181, 1, 0),
(341, 184, 1, 0),
(341, 198, 1, 0),
(342, 126, 1, 0),
(342, 127, 1, 1),
(342, 135, 1, 0),
(342, 143, 1, 0),
(342, 144, 1, 0),
(342, 149, 1, 0),
(342, 150, 1, 0),
(342, 153, 1, 0),
(342, 154, 1, 0),
(342, 160, 1, 0),
(342, 161, 1, 0),
(342, 167, 1, 0),
(342, 170, 1, 0),
(342, 172, 1, 0),
(342, 177, 1, 0),
(342, 180, 1, 0),
(342, 181, 1, 0),
(342, 184, 1, 0),
(342, 198, 1, 0),
(343, 126, 1, 0),
(343, 127, 1, 1),
(343, 135, 1, 0),
(343, 143, 1, 0),
(343, 144, 1, 0),
(343, 149, 1, 0),
(343, 150, 1, 0),
(343, 153, 1, 0),
(343, 154, 1, 0),
(343, 160, 1, 0),
(343, 161, 1, 0),
(343, 167, 1, 0),
(343, 170, 1, 0),
(343, 172, 1, 0),
(343, 177, 1, 0),
(343, 180, 1, 0),
(343, 181, 1, 0),
(343, 184, 1, 0),
(343, 198, 1, 0),
(343, 206, 0, 1),
(344, 126, 1, 0),
(344, 127, 1, 1),
(344, 135, 1, 0),
(344, 143, 1, 0),
(344, 144, 1, 0),
(344, 149, 1, 0),
(344, 150, 1, 0),
(344, 153, 1, 0),
(344, 154, 1, 0),
(344, 160, 1, 0),
(344, 161, 1, 0),
(344, 167, 1, 0),
(344, 170, 1, 0),
(344, 172, 1, 0),
(344, 177, 1, 0),
(344, 180, 1, 0),
(344, 181, 1, 0),
(344, 184, 1, 0),
(344, 198, 1, 0),
(345, 126, 1, 0),
(345, 127, 1, 1),
(345, 135, 1, 0),
(345, 143, 1, 0),
(345, 144, 1, 0),
(345, 149, 1, 0),
(345, 150, 1, 0),
(345, 153, 1, 0),
(345, 154, 1, 0),
(345, 160, 1, 0),
(345, 161, 1, 0),
(345, 167, 1, 0),
(345, 170, 1, 0),
(345, 172, 1, 0),
(345, 177, 1, 0),
(345, 180, 1, 1),
(345, 181, 1, 0),
(345, 184, 1, 0),
(345, 198, 1, 0),
(346, 126, 1, 0),
(346, 127, 1, 1),
(346, 135, 1, 0),
(346, 143, 1, 0),
(346, 144, 1, 0),
(346, 149, 1, 0),
(346, 150, 1, 0),
(346, 153, 1, 0),
(346, 154, 1, 0),
(346, 160, 1, 0),
(346, 161, 1, 0),
(346, 167, 1, 0),
(346, 170, 1, 0),
(346, 172, 1, 0),
(346, 177, 1, 0),
(346, 180, 1, 0),
(346, 181, 1, 0),
(346, 184, 1, 0),
(346, 198, 1, 0),
(347, 126, 1, 0),
(347, 127, 1, 1),
(347, 135, 1, 0),
(347, 143, 1, 0),
(347, 144, 1, 0),
(347, 149, 1, 0),
(347, 150, 1, 0),
(347, 153, 1, 0),
(347, 154, 1, 0),
(347, 160, 1, 0),
(347, 161, 1, 0),
(347, 167, 1, 0),
(347, 170, 1, 0),
(347, 172, 1, 0),
(347, 177, 1, 0),
(347, 180, 1, 0),
(347, 181, 1, 0),
(347, 184, 1, 0),
(347, 198, 1, 0),
(348, 126, 1, 0),
(348, 127, 1, 1),
(348, 135, 1, 0),
(348, 143, 1, 0),
(348, 144, 1, 0),
(348, 149, 1, 0),
(348, 150, 1, 0),
(348, 153, 1, 0),
(348, 154, 1, 0),
(348, 160, 1, 0),
(348, 161, 1, 0),
(348, 167, 1, 0),
(348, 170, 1, 0),
(348, 172, 1, 0),
(348, 177, 1, 0),
(348, 180, 1, 0),
(348, 181, 1, 0),
(348, 184, 1, 0),
(348, 198, 1, 0),
(349, 126, 1, 0),
(349, 127, 1, 1),
(349, 135, 1, 1),
(349, 143, 1, 0),
(349, 144, 1, 0),
(349, 149, 1, 0),
(349, 150, 1, 0),
(349, 153, 1, 0),
(349, 154, 1, 0),
(349, 160, 1, 0),
(349, 161, 1, 0),
(349, 167, 1, 0),
(349, 170, 1, 0),
(349, 172, 1, 0),
(349, 177, 1, 0),
(349, 180, 1, 0),
(349, 181, 1, 0),
(349, 184, 1, 0),
(349, 198, 1, 0),
(350, 126, 1, 0),
(350, 127, 1, 1),
(350, 135, 1, 0),
(350, 143, 1, 1),
(350, 144, 1, 0),
(350, 149, 1, 0),
(350, 150, 1, 0),
(350, 153, 1, 0),
(350, 154, 1, 0),
(350, 160, 1, 0),
(350, 161, 1, 0),
(350, 167, 1, 0),
(350, 170, 1, 0),
(350, 172, 1, 0),
(350, 177, 1, 0),
(350, 180, 1, 0),
(350, 181, 1, 0),
(350, 184, 1, 0),
(350, 198, 1, 0),
(351, 126, 1, 0),
(351, 127, 1, 1),
(351, 135, 1, 0),
(351, 143, 1, 1),
(351, 144, 1, 0),
(351, 149, 1, 0),
(351, 150, 1, 0),
(351, 153, 1, 0),
(351, 154, 1, 0),
(351, 160, 1, 0),
(351, 161, 1, 0),
(351, 167, 1, 0),
(351, 170, 1, 0),
(351, 172, 1, 0),
(351, 177, 1, 0),
(351, 180, 1, 0),
(351, 181, 1, 0),
(351, 184, 1, 0),
(351, 198, 1, 0),
(352, 126, 1, 0),
(352, 127, 1, 1),
(352, 135, 1, 0),
(352, 143, 1, 1),
(352, 144, 1, 0),
(352, 149, 1, 0),
(352, 150, 1, 0),
(352, 153, 1, 0),
(352, 154, 1, 0),
(352, 160, 1, 0),
(352, 161, 1, 0),
(352, 167, 1, 0),
(352, 170, 1, 0),
(352, 172, 1, 0),
(352, 177, 1, 0),
(352, 180, 1, 0),
(352, 181, 1, 0),
(352, 184, 1, 0),
(352, 198, 1, 0),
(353, 126, 1, 0),
(353, 127, 1, 1),
(353, 135, 1, 0),
(353, 143, 1, 1),
(353, 144, 1, 0),
(353, 149, 1, 0),
(353, 150, 1, 1),
(353, 153, 1, 0),
(353, 154, 1, 0),
(353, 160, 1, 0),
(353, 161, 1, 1),
(353, 167, 1, 0),
(353, 170, 1, 0),
(353, 172, 1, 0),
(353, 177, 1, 0),
(353, 180, 1, 0),
(353, 181, 1, 0),
(353, 184, 1, 0),
(353, 198, 1, 0),
(354, 126, 1, 0),
(354, 127, 1, 1),
(354, 135, 1, 0),
(354, 143, 1, 1),
(354, 144, 1, 0),
(354, 149, 1, 0),
(354, 150, 1, 0),
(354, 153, 1, 0),
(354, 154, 1, 0),
(354, 160, 1, 0),
(354, 161, 1, 0),
(354, 167, 1, 0),
(354, 170, 1, 0),
(354, 172, 1, 0),
(354, 177, 1, 0),
(354, 180, 1, 0),
(354, 181, 1, 0),
(354, 184, 1, 0),
(354, 198, 1, 0),
(355, 126, 1, 0),
(355, 127, 1, 1),
(355, 135, 1, 0),
(355, 143, 1, 1),
(355, 144, 1, 0),
(355, 149, 1, 0),
(355, 150, 1, 0),
(355, 153, 1, 0),
(355, 154, 1, 0),
(355, 160, 1, 0),
(355, 161, 1, 0),
(355, 167, 1, 0),
(355, 170, 1, 0),
(355, 172, 1, 0),
(355, 177, 1, 0),
(355, 180, 1, 0),
(355, 181, 1, 0),
(355, 184, 1, 0),
(355, 198, 1, 0),
(356, 126, 1, 0),
(356, 127, 1, 1),
(356, 135, 1, 0),
(356, 143, 1, 1),
(356, 144, 1, 0),
(356, 149, 1, 0),
(356, 150, 1, 0),
(356, 153, 1, 0),
(356, 154, 1, 0),
(356, 160, 1, 0),
(356, 161, 1, 0),
(356, 167, 1, 0),
(356, 170, 1, 0),
(356, 172, 1, 0),
(356, 177, 1, 0),
(356, 180, 1, 0),
(356, 181, 1, 0),
(356, 184, 1, 0),
(356, 198, 1, 0),
(357, 126, 1, 0),
(357, 127, 1, 1),
(357, 135, 1, 0),
(357, 143, 1, 1),
(357, 144, 1, 0),
(357, 149, 1, 0),
(357, 150, 1, 0),
(357, 153, 1, 0),
(357, 154, 1, 0),
(357, 160, 1, 1),
(357, 161, 1, 0),
(357, 167, 1, 0),
(357, 170, 1, 0),
(357, 172, 1, 0),
(357, 177, 1, 0),
(357, 180, 1, 0),
(357, 181, 1, 0),
(357, 184, 1, 0),
(357, 198, 1, 0),
(358, 126, 1, 0),
(358, 127, 1, 1),
(358, 135, 1, 0),
(358, 143, 1, 1),
(358, 144, 1, 0),
(358, 149, 1, 0),
(358, 150, 1, 0),
(358, 153, 1, 0),
(358, 154, 1, 0),
(358, 160, 1, 0),
(358, 161, 1, 0),
(358, 167, 1, 0),
(358, 170, 1, 0),
(358, 172, 1, 0),
(358, 177, 1, 0),
(358, 180, 1, 0),
(358, 181, 1, 0),
(358, 184, 1, 0),
(358, 198, 1, 0),
(359, 126, 1, 0),
(359, 153, 1, 0),
(359, 154, 1, 0),
(360, 126, 1, 0),
(360, 137, 1, 0),
(360, 146, 1, 0),
(360, 147, 1, 0),
(360, 153, 1, 0),
(360, 154, 1, 0),
(360, 167, 1, 0),
(360, 172, 1, 0),
(360, 174, 1, 0),
(360, 183, 1, 0),
(360, 194, 1, 0),
(360, 195, 1, 0),
(360, 196, 1, 0),
(360, 198, 1, 0),
(361, 126, 1, 0),
(361, 137, 1, 0),
(361, 147, 1, 0),
(361, 153, 1, 0),
(361, 154, 1, 0),
(361, 156, 1, 0),
(361, 168, 1, 0),
(361, 170, 1, 0),
(361, 171, 1, 0),
(361, 172, 1, 0),
(361, 174, 1, 0),
(361, 176, 1, 0),
(361, 180, 1, 0),
(361, 183, 1, 0),
(361, 195, 1, 0),
(361, 196, 1, 0),
(361, 198, 1, 0),
(362, 126, 1, 0),
(362, 137, 1, 0),
(362, 147, 1, 0),
(362, 153, 1, 0),
(362, 154, 1, 0),
(362, 156, 1, 0),
(362, 170, 1, 0),
(362, 171, 1, 0),
(362, 172, 1, 0),
(362, 174, 1, 0),
(362, 176, 1, 0),
(362, 180, 1, 0),
(362, 183, 1, 0),
(362, 195, 1, 0),
(362, 196, 1, 0),
(362, 198, 1, 0),
(363, 126, 1, 0),
(363, 127, 1, 1),
(363, 143, 1, 0),
(363, 146, 1, 0),
(363, 151, 1, 0),
(363, 153, 1, 0),
(363, 154, 1, 0),
(363, 160, 1, 0),
(363, 161, 1, 0),
(363, 170, 1, 0),
(363, 172, 1, 0),
(363, 177, 1, 0),
(363, 181, 1, 0),
(363, 194, 1, 0),
(364, 126, 1, 0),
(364, 127, 1, 1),
(364, 143, 1, 0),
(364, 146, 1, 0),
(364, 151, 1, 0),
(364, 153, 1, 0),
(364, 154, 1, 0),
(364, 160, 1, 0),
(364, 161, 1, 0),
(364, 170, 1, 0),
(364, 172, 1, 0),
(364, 177, 1, 0),
(364, 181, 1, 0),
(364, 194, 1, 0),
(365, 126, 1, 0),
(365, 127, 1, 1),
(365, 143, 1, 0),
(365, 146, 1, 0),
(365, 151, 1, 0),
(365, 153, 1, 0),
(365, 154, 1, 0),
(365, 160, 1, 0),
(365, 161, 1, 0),
(365, 170, 1, 0),
(365, 172, 1, 0),
(365, 177, 1, 0),
(365, 181, 1, 0),
(365, 194, 1, 0),
(366, 126, 1, 0),
(366, 127, 1, 1),
(366, 143, 1, 0),
(366, 146, 1, 0),
(366, 151, 1, 0),
(366, 153, 1, 0),
(366, 154, 1, 0),
(366, 160, 1, 0),
(366, 161, 1, 0),
(366, 170, 1, 0),
(366, 172, 1, 0),
(366, 177, 1, 0),
(366, 181, 1, 0),
(366, 194, 1, 0),
(367, 126, 1, 0),
(367, 127, 1, 1),
(367, 143, 1, 0),
(367, 146, 1, 0),
(367, 151, 1, 0),
(367, 153, 1, 0),
(367, 154, 1, 0),
(367, 160, 1, 0),
(367, 161, 1, 0),
(367, 170, 1, 0),
(367, 172, 1, 0),
(367, 177, 1, 0),
(367, 181, 1, 0),
(367, 194, 1, 0),
(368, 126, 1, 0),
(368, 127, 1, 1),
(368, 143, 1, 0),
(368, 146, 1, 0),
(368, 151, 1, 0),
(368, 153, 1, 0),
(368, 154, 1, 0),
(368, 160, 1, 0),
(368, 161, 1, 0),
(368, 170, 1, 0),
(368, 172, 1, 0),
(368, 177, 1, 0),
(368, 181, 1, 0),
(368, 194, 1, 0),
(369, 126, 1, 0),
(369, 127, 1, 1),
(369, 143, 1, 0),
(369, 146, 1, 0),
(369, 151, 1, 0),
(369, 153, 1, 0),
(369, 154, 1, 0),
(369, 160, 1, 0),
(369, 161, 1, 0),
(369, 170, 1, 0),
(369, 172, 1, 0),
(369, 177, 1, 0),
(369, 181, 1, 0),
(369, 194, 1, 0),
(370, 126, 1, 0),
(370, 127, 1, 1),
(370, 143, 1, 0),
(370, 146, 1, 0),
(370, 151, 1, 0),
(370, 153, 1, 0),
(370, 154, 1, 0),
(370, 160, 1, 0),
(370, 161, 1, 0),
(370, 170, 1, 0),
(370, 172, 1, 0),
(370, 177, 1, 0),
(370, 181, 1, 0),
(370, 194, 1, 0),
(371, 126, 1, 0),
(371, 127, 1, 1),
(371, 143, 1, 0),
(371, 146, 1, 0),
(371, 151, 1, 0),
(371, 153, 1, 0),
(371, 154, 1, 0),
(371, 160, 1, 0),
(371, 161, 1, 0),
(371, 170, 1, 0),
(371, 172, 1, 0),
(371, 177, 1, 0),
(371, 181, 1, 0),
(371, 194, 1, 0),
(372, 126, 1, 0),
(372, 127, 1, 1),
(372, 143, 1, 0),
(372, 146, 1, 0),
(372, 151, 1, 0),
(372, 153, 1, 0),
(372, 154, 1, 0),
(372, 160, 1, 0),
(372, 161, 1, 0),
(372, 170, 1, 0),
(372, 172, 1, 0),
(372, 177, 1, 0),
(372, 181, 1, 0),
(372, 194, 1, 0),
(373, 126, 1, 0),
(373, 127, 1, 1),
(373, 143, 1, 0),
(373, 146, 1, 0),
(373, 151, 1, 0),
(373, 153, 1, 0),
(373, 154, 1, 0),
(373, 160, 1, 0),
(373, 161, 1, 0),
(373, 170, 1, 0),
(373, 172, 1, 0),
(373, 177, 1, 0),
(373, 181, 1, 0),
(373, 194, 1, 0),
(374, 126, 1, 0),
(374, 127, 1, 1),
(374, 143, 1, 0),
(374, 146, 1, 0),
(374, 151, 1, 0),
(374, 153, 1, 0),
(374, 154, 1, 0),
(374, 160, 1, 0),
(374, 161, 1, 0),
(374, 170, 1, 0),
(374, 172, 1, 0),
(374, 177, 1, 0),
(374, 181, 1, 0),
(374, 194, 1, 0),
(376, 126, 1, 0),
(376, 127, 1, 1),
(376, 134, 1, 1),
(376, 143, 1, 0),
(376, 148, 1, 0),
(376, 153, 1, 0),
(376, 154, 1, 0),
(376, 160, 1, 0),
(376, 161, 1, 0),
(376, 166, 1, 0),
(376, 167, 1, 0),
(376, 170, 1, 0),
(376, 177, 1, 0),
(376, 180, 1, 0),
(376, 196, 1, 0),
(377, 126, 1, 0),
(377, 127, 1, 1),
(377, 134, 1, 1),
(377, 143, 1, 0),
(377, 148, 1, 0),
(377, 153, 1, 0),
(377, 154, 1, 0),
(377, 160, 1, 0),
(377, 161, 1, 0),
(377, 166, 1, 0),
(377, 167, 1, 0),
(377, 170, 1, 0),
(377, 177, 1, 0),
(377, 180, 1, 0),
(377, 196, 1, 0),
(378, 126, 1, 0),
(378, 127, 1, 1),
(378, 134, 1, 1),
(378, 143, 1, 0),
(378, 148, 1, 0),
(378, 153, 1, 0),
(378, 154, 1, 0),
(378, 160, 1, 0),
(378, 161, 1, 0),
(378, 166, 1, 0),
(378, 167, 1, 0),
(378, 170, 1, 0),
(378, 177, 1, 0),
(378, 180, 1, 0),
(378, 196, 1, 0),
(379, 126, 1, 0),
(379, 127, 1, 1),
(379, 134, 1, 1),
(379, 143, 1, 0),
(379, 148, 1, 0),
(379, 153, 1, 0),
(379, 154, 1, 0),
(379, 160, 1, 0),
(379, 161, 1, 0),
(379, 166, 1, 0),
(379, 167, 1, 0),
(379, 170, 1, 0),
(379, 177, 1, 0),
(379, 180, 1, 0),
(379, 196, 1, 0),
(380, 127, 1, 1),
(380, 134, 1, 1),
(380, 143, 1, 0),
(380, 148, 1, 0),
(380, 156, 1, 1),
(380, 160, 1, 0),
(380, 161, 1, 0),
(380, 166, 1, 0),
(380, 167, 1, 0),
(380, 170, 1, 0),
(380, 177, 1, 0),
(380, 180, 1, 0),
(380, 188, 1, 1),
(380, 189, 1, 1),
(380, 196, 1, 0),
(381, 126, 1, 0),
(381, 153, 1, 0),
(381, 154, 1, 0),
(381, 155, 1, 0),
(381, 179, 1, 0),
(381, 197, 1, 0),
(382, 126, 1, 0),
(382, 153, 1, 0),
(382, 154, 1, 0),
(382, 155, 1, 0),
(382, 179, 1, 0),
(382, 197, 1, 0),
(383, 126, 1, 0),
(383, 153, 1, 0),
(383, 154, 1, 0),
(383, 155, 1, 0),
(383, 179, 1, 0),
(383, 197, 1, 0),
(384, 126, 1, 0),
(384, 134, 1, 0),
(384, 153, 1, 0),
(384, 154, 1, 0),
(384, 156, 0, 0),
(384, 173, 1, 0),
(385, 126, 1, 0),
(385, 137, 1, 0),
(385, 153, 1, 0),
(385, 154, 1, 0),
(385, 161, 1, 0),
(385, 170, 1, 0),
(385, 172, 1, 0),
(385, 183, 1, 0),
(387, 126, 1, 0),
(387, 127, 1, 0),
(387, 135, 1, 0),
(387, 152, 1, 0),
(387, 153, 1, 0),
(387, 154, 1, 0),
(387, 156, 0, 0),
(387, 172, 1, 0),
(387, 173, 1, 0),
(387, 191, 1, 0),
(387, 193, 1, 0),
(388, 126, 1, 0),
(388, 127, 1, 0),
(388, 143, 1, 0),
(388, 146, 1, 0),
(388, 153, 1, 0),
(388, 154, 1, 0),
(388, 160, 1, 0),
(388, 163, 1, 0),
(388, 170, 1, 0),
(388, 172, 1, 0),
(388, 177, 1, 0),
(388, 196, 1, 0),
(389, 126, 1, 0),
(389, 153, 1, 0),
(389, 154, 1, 0),
(389, 172, 1, 0),
(389, 173, 1, 0),
(389, 191, 1, 0),
(389, 193, 1, 0),
(390, 126, 1, 0),
(390, 127, 1, 0),
(390, 153, 1, 0),
(390, 154, 1, 0),
(390, 160, 1, 0),
(390, 166, 1, 0),
(390, 170, 1, 0),
(390, 172, 1, 0),
(391, 126, 1, 0),
(391, 134, 1, 0),
(391, 148, 1, 0),
(391, 153, 1, 1),
(391, 154, 1, 1),
(393, 126, 1, 0),
(393, 127, 1, 1),
(393, 132, 1, 0),
(393, 134, 1, 0),
(393, 143, 1, 0),
(393, 144, 1, 0),
(393, 146, 1, 0),
(393, 153, 1, 0),
(393, 154, 1, 0),
(393, 160, 1, 0),
(393, 161, 1, 0),
(393, 166, 1, 0),
(393, 167, 1, 0),
(393, 170, 1, 0),
(393, 172, 1, 0),
(393, 177, 1, 0),
(393, 178, 1, 0),
(393, 182, 1, 0),
(393, 198, 1, 0),
(393, 199, 1, 0),
(393, 209, 0, 1),
(394, 126, 1, 0),
(394, 127, 1, 1),
(394, 132, 1, 0),
(394, 134, 1, 0),
(394, 143, 1, 0),
(394, 144, 1, 0),
(394, 146, 1, 0),
(394, 153, 1, 0),
(394, 154, 1, 0),
(394, 160, 1, 0),
(394, 161, 1, 0),
(394, 166, 1, 0),
(394, 167, 1, 0),
(394, 170, 1, 0),
(394, 172, 1, 0),
(394, 177, 1, 0),
(394, 178, 1, 0),
(394, 182, 1, 0),
(394, 198, 1, 0),
(394, 199, 1, 0),
(394, 209, 0, 1),
(394, 210, 0, 1),
(396, 126, 1, 0),
(396, 144, 1, 0),
(396, 146, 1, 0),
(396, 153, 1, 0),
(396, 154, 1, 0),
(396, 160, 1, 1),
(396, 161, 1, 0),
(396, 167, 1, 0),
(396, 199, 1, 0),
(396, 210, 0, 1),
(400, 126, 1, 0),
(400, 127, 1, 1),
(400, 132, 1, 0),
(400, 134, 1, 0),
(400, 143, 1, 0),
(400, 144, 1, 0),
(400, 146, 1, 0),
(400, 153, 1, 0),
(400, 154, 1, 0),
(400, 160, 1, 0),
(400, 161, 1, 0),
(400, 166, 1, 0),
(400, 167, 1, 0),
(400, 170, 1, 0),
(400, 172, 1, 0),
(400, 177, 1, 0),
(400, 178, 1, 0),
(400, 182, 1, 0),
(400, 198, 1, 0),
(400, 199, 1, 0),
(400, 209, 0, 1),
(401, 126, 1, 0),
(401, 127, 1, 1),
(401, 132, 1, 0),
(401, 134, 1, 0),
(401, 143, 1, 0),
(401, 144, 1, 0),
(401, 146, 1, 0),
(401, 153, 1, 0),
(401, 154, 1, 0),
(401, 160, 1, 0),
(401, 161, 1, 0),
(401, 166, 1, 0),
(401, 167, 1, 0),
(401, 170, 1, 0),
(401, 172, 1, 0),
(401, 177, 1, 0),
(401, 178, 1, 0),
(401, 182, 1, 0),
(401, 198, 1, 0),
(401, 199, 1, 0),
(402, 126, 1, 0),
(402, 127, 1, 1),
(402, 132, 1, 0),
(402, 134, 1, 0),
(402, 143, 1, 0),
(402, 144, 1, 0),
(402, 146, 1, 0),
(402, 148, 1, 0),
(402, 153, 1, 0),
(402, 154, 1, 0),
(402, 155, 1, 0),
(402, 159, 1, 0),
(402, 160, 1, 0),
(402, 161, 1, 0),
(402, 166, 1, 0),
(402, 167, 1, 0),
(402, 170, 1, 0),
(402, 172, 1, 0),
(402, 177, 1, 0),
(402, 178, 1, 0),
(402, 182, 1, 0),
(402, 198, 1, 0),
(402, 199, 1, 0),
(403, 126, 1, 0),
(403, 127, 1, 1),
(403, 132, 1, 0),
(403, 134, 1, 0),
(403, 143, 1, 0),
(403, 144, 1, 0),
(403, 146, 1, 0),
(403, 153, 1, 0),
(403, 154, 1, 0),
(403, 160, 1, 0),
(403, 161, 1, 0),
(403, 166, 1, 0),
(403, 167, 1, 0),
(403, 170, 1, 0),
(403, 172, 1, 0),
(403, 177, 1, 0),
(403, 178, 1, 0),
(403, 182, 1, 0),
(403, 198, 1, 0),
(403, 199, 1, 0),
(404, 126, 1, 0),
(404, 127, 1, 1),
(404, 132, 1, 0),
(404, 134, 1, 0),
(404, 143, 1, 0),
(404, 144, 1, 0),
(404, 146, 1, 0),
(404, 153, 1, 0),
(404, 154, 1, 0),
(404, 160, 1, 0),
(404, 161, 1, 0),
(404, 166, 1, 0),
(404, 167, 1, 0),
(404, 170, 1, 0),
(404, 172, 1, 0),
(404, 177, 1, 0),
(404, 178, 1, 0),
(404, 182, 1, 0),
(404, 198, 1, 0),
(404, 199, 1, 0),
(405, 126, 1, 0),
(405, 127, 1, 1),
(405, 132, 1, 0),
(405, 134, 1, 0),
(405, 143, 1, 0),
(405, 144, 1, 0),
(405, 146, 1, 0),
(405, 153, 1, 0),
(405, 154, 1, 0),
(405, 160, 1, 0),
(405, 161, 1, 0),
(405, 166, 1, 0),
(405, 167, 1, 0),
(405, 170, 1, 0),
(405, 172, 1, 0),
(405, 177, 1, 0),
(405, 178, 1, 0),
(405, 182, 1, 0),
(405, 198, 1, 0),
(405, 199, 1, 0),
(406, 126, 1, 0),
(406, 127, 1, 1),
(406, 132, 1, 0),
(406, 134, 1, 0),
(406, 143, 1, 0),
(406, 144, 1, 0),
(406, 146, 1, 0),
(406, 153, 1, 0),
(406, 154, 1, 0),
(406, 160, 1, 0),
(406, 161, 1, 0),
(406, 166, 1, 0),
(406, 167, 1, 0),
(406, 170, 1, 1),
(406, 172, 1, 0),
(406, 177, 1, 0),
(406, 178, 1, 0),
(406, 182, 1, 0),
(406, 198, 1, 0),
(406, 199, 1, 0),
(407, 126, 1, 1),
(407, 127, 1, 1),
(407, 132, 1, 0),
(407, 134, 1, 0),
(407, 143, 1, 0),
(407, 144, 1, 0),
(407, 146, 1, 0),
(407, 153, 1, 0),
(407, 154, 1, 0),
(407, 160, 1, 0),
(407, 161, 1, 0),
(407, 166, 1, 0),
(407, 167, 1, 0),
(407, 170, 1, 0),
(407, 172, 1, 0),
(407, 177, 1, 0),
(407, 178, 1, 0),
(407, 182, 1, 0),
(407, 198, 1, 0),
(407, 199, 1, 0),
(408, 126, 1, 0),
(408, 127, 1, 1),
(408, 132, 1, 0),
(408, 134, 1, 0),
(408, 143, 1, 0),
(408, 144, 1, 0),
(408, 146, 1, 0),
(408, 153, 1, 0),
(408, 154, 1, 0),
(408, 160, 1, 0),
(408, 161, 1, 0),
(408, 166, 1, 0),
(408, 167, 1, 0),
(408, 170, 1, 0),
(408, 172, 1, 0),
(408, 177, 1, 0),
(408, 178, 1, 0),
(408, 182, 1, 0),
(408, 198, 1, 0),
(408, 199, 1, 0),
(409, 126, 1, 0),
(409, 127, 1, 1),
(409, 132, 1, 0),
(409, 134, 1, 1),
(409, 143, 1, 0),
(409, 144, 1, 0),
(409, 146, 1, 0),
(409, 153, 1, 0),
(409, 154, 1, 0),
(409, 160, 1, 0),
(409, 161, 1, 0),
(409, 166, 1, 0),
(409, 167, 1, 0),
(409, 170, 1, 0),
(409, 172, 1, 0),
(409, 177, 1, 0),
(409, 178, 1, 0),
(409, 182, 1, 0),
(409, 198, 1, 0),
(409, 199, 1, 0),
(410, 126, 1, 0),
(410, 127, 1, 1),
(410, 132, 1, 0),
(410, 134, 1, 0),
(410, 143, 1, 0),
(410, 144, 1, 0),
(410, 146, 1, 0),
(410, 153, 1, 0),
(410, 154, 1, 0),
(410, 160, 1, 0),
(410, 161, 1, 0),
(410, 166, 1, 0),
(410, 167, 1, 0),
(410, 170, 1, 0),
(410, 172, 1, 0),
(410, 177, 1, 0),
(410, 178, 1, 0),
(410, 182, 1, 0),
(410, 198, 1, 0),
(410, 199, 1, 0),
(411, 126, 1, 0),
(411, 127, 1, 1),
(411, 132, 1, 0),
(411, 134, 1, 0),
(411, 143, 1, 0),
(411, 144, 1, 0),
(411, 146, 1, 0),
(411, 153, 1, 0),
(411, 154, 1, 0),
(411, 160, 1, 0),
(411, 161, 1, 0),
(411, 166, 1, 0),
(411, 167, 1, 0),
(411, 170, 1, 0),
(411, 172, 1, 0),
(411, 177, 1, 0),
(411, 178, 1, 0),
(411, 182, 1, 0),
(411, 198, 1, 0),
(411, 199, 1, 0),
(412, 126, 1, 0),
(412, 127, 1, 1),
(412, 132, 1, 0),
(412, 134, 1, 0),
(412, 143, 1, 0),
(412, 144, 1, 0),
(412, 146, 1, 0),
(412, 153, 1, 0),
(412, 154, 1, 0),
(412, 160, 1, 0),
(412, 161, 1, 0),
(412, 166, 1, 0),
(412, 167, 1, 0),
(412, 170, 1, 0),
(412, 172, 1, 0),
(412, 177, 1, 0),
(412, 178, 1, 0),
(412, 182, 1, 0),
(412, 198, 1, 0),
(412, 199, 1, 0),
(412, 209, 0, 1),
(413, 126, 1, 0),
(413, 127, 1, 1),
(413, 132, 1, 0),
(413, 134, 1, 0),
(413, 143, 1, 0),
(413, 144, 1, 0),
(413, 146, 1, 0),
(413, 153, 1, 0),
(413, 154, 1, 0),
(413, 160, 1, 0),
(413, 161, 1, 0),
(413, 166, 1, 0),
(413, 167, 1, 0),
(413, 170, 1, 0),
(413, 172, 1, 0),
(413, 177, 1, 0),
(413, 178, 1, 0),
(413, 182, 1, 0),
(413, 198, 1, 0),
(413, 199, 1, 0),
(413, 209, 0, 1),
(419, 156, 1, 0),
(419, 160, 1, 1),
(419, 169, 1, 0),
(419, 170, 1, 0),
(419, 172, 1, 0),
(419, 177, 1, 0),
(419, 180, 1, 0),
(419, 191, 1, 0),
(419, 193, 1, 0),
(419, 194, 1, 0),
(419, 196, 1, 0),
(419, 198, 1, 0),
(419, 206, 0, 1),
(420, 162, 1, 0),
(420, 167, 1, 0),
(420, 170, 1, 0),
(420, 171, 1, 0),
(420, 172, 1, 0),
(420, 177, 1, 0),
(420, 186, 1, 0),
(420, 194, 1, 0),
(420, 196, 1, 0),
(420, 198, 1, 0),
(421, 162, 1, 0),
(421, 167, 1, 0),
(421, 170, 1, 0),
(421, 171, 1, 0),
(421, 172, 1, 0),
(421, 177, 1, 0),
(421, 186, 1, 0),
(421, 194, 1, 0),
(421, 196, 1, 0),
(421, 198, 1, 0),
(423, 162, 1, 0),
(423, 167, 1, 0),
(423, 170, 1, 0),
(423, 171, 1, 0),
(423, 172, 1, 0),
(423, 177, 1, 0),
(423, 186, 1, 0),
(423, 194, 1, 0),
(423, 196, 1, 0),
(423, 198, 1, 0);

-- --------------------------------------------------------

--
-- Table structure for table `contents`
--

CREATE TABLE IF NOT EXISTS `contents` (
  `id` int(11) NOT NULL,
  `name` varchar(255) NOT NULL,
  `cat_id` int(11) NOT NULL
) ENGINE=InnoDB AUTO_INCREMENT=424 DEFAULT CHARSET=latin1;

--
-- Dumping data for table `contents`
--

INSERT INTO `contents` (`id`, `name`, `cat_id`) VALUES
(215, 'Arts and crafts ', 42),
(216, 'Barbeque grills', 42),
(217, 'Books', 42),
(218, 'Canning jars', 42),
(219, 'Cleaning supplies', 42),
(220, 'Clothes hangers', 42),
(221, 'Cookware', 42),
(223, 'Dishes', 42),
(224, 'Fabric', 42),
(225, 'Furniture', 42),
(226, 'Luggage', 42),
(227, 'Mattresses', 42),
(228, 'Ornaments', 42),
(229, 'Toiletries', 42),
(230, 'Utensils', 42),
(231, 'Blankets', 43),
(232, 'Comforters', 43),
(233, 'Linens', 43),
(234, 'Sheets', 43),
(235, 'Small rugs', 43),
(236, 'Towels ', 43),
(238, 'Arts &amp; crafts ', 45),
(239, 'Baby carriers', 45),
(240, 'Baby gates', 45),
(241, 'Bike trailers', 45),
(243, 'Children&#039;s Books', 45),
(244, 'Child car seats', 45),
(245, 'Children&#039;s Clothes', 45),
(246, 'Crayons', 45),
(247, 'Cribs', 45),
(248, 'Diapers ', 45),
(249, 'High chairs', 45),
(250, 'Maternity', 45),
(251, 'Musical instruments', 45),
(252, 'Nursing items', 45),
(253, 'Playpens', 45),
(254, 'School supplies', 45),
(255, 'Strollers', 45),
(256, 'Toys', 45),
(257, 'Blenders', 46),
(258, 'Dehumidifiers', 46),
(259, 'Fans', 46),
(260, 'Microwaves', 46),
(261, 'Space heaters', 46),
(262, 'Toasters', 46),
(263, 'Vacuum cleaners', 46),
(264, 'Dishwashers', 47),
(265, 'Freezers', 47),
(266, 'Refrigerators', 47),
(267, 'Stoves', 47),
(268, 'Washers/ dryers', 47),
(269, 'Bricks', 48),
(270, 'Carpet padding', 48),
(273, 'Doors', 47),
(282, 'Lumber', 47),
(284, 'Paint', 48),
(285, 'Pipe', 48),
(286, 'Ceramic tiles', 48),
(287, 'Carpets', 48),
(290, 'Drywall', 48),
(291, 'Electrical supplies', 48),
(292, 'Hand tools', 48),
(294, 'Hardware', 48),
(295, 'Insulation', 48),
(296, 'Ladders', 48),
(297, 'Light fixtures', 48),
(298, 'Lighting ballasts', 48),
(300, 'Motors', 48),
(303, 'Plumbing', 48),
(304, 'Power tools', 48),
(305, 'Reusable metal items', 48),
(306, 'Roofing ', 48),
(307, 'Vinyl', 48),
(308, 'Windows', 48),
(309, 'Belts', 49),
(310, 'Boots', 49),
(312, 'Clothes', 49),
(313, 'Coats', 49),
(314, 'Hats', 49),
(315, 'Rainwear', 49),
(316, 'Sandals', 49),
(317, 'Shoes', 49),
(318, 'Calculators', 50),
(319, 'Cameras', 50),
(320, 'Cassette players', 50),
(321, 'Cd players', 50),
(322, 'Cds', 50),
(323, 'Cell phones', 50),
(324, 'Computers ', 50),
(325, 'Curling irons', 50),
(326, 'DVD players', 50),
(327, 'Game consoles', 50),
(328, 'GPS systems', 50),
(329, 'Hair dryers', 50),
(330, 'Monitors', 50),
(331, 'MP3 players', 50),
(332, 'Printers', 50),
(333, 'Projectors', 50),
(334, 'Receivers', 50),
(335, 'Scanners', 50),
(336, 'Speakers', 50),
(337, 'Tablets', 50),
(338, 'Telephones', 50),
(339, 'TVs', 50),
(340, 'Backpacks', 51),
(341, 'Balls', 51),
(342, 'Barbells', 51),
(343, 'Bicycles', 51),
(344, 'Bike tires ', 51),
(345, 'Camping equipment', 51),
(346, 'Day packs', 51),
(347, 'Dumbbells', 51),
(348, 'Exercise equipment', 51),
(349, 'Golf clubs', 51),
(350, 'Helmets', 51),
(351, 'Hiking boots', 51),
(352, 'Skateboards', 51),
(353, 'Skis', 51),
(354, 'Small boats', 51),
(355, 'Snowshoes', 51),
(356, 'Sporting goods', 51),
(357, 'Tennis rackets', 51),
(358, 'Tents', 51),
(359, 'Beverages', 53),
(360, 'Surplus garden produce', 53),
(361, 'Unopened canned goods', 53),
(362, 'Unopened packaged food', 53),
(363, 'Adult diapers', 57),
(364, 'Blood pressure monitors', 57),
(365, 'Canes', 57),
(366, 'Crutches', 57),
(367, 'Eye glasses', 57),
(368, 'Glucose meters', 57),
(369, 'Hearing aids', 57),
(370, 'Hospital beds', 57),
(371, 'Reach extenders', 57),
(372, 'Shower chairs', 57),
(373, 'Walkers', 57),
(374, 'Wheelchairs', 57),
(376, 'Fax machines', 54),
(377, 'Headsets', 54),
(378, 'Office furniture', 54),
(379, 'Paper shredders', 54),
(380, 'Printer cartridge refilling', 54),
(381, 'Bubble wrap', 55),
(382, 'Clean foam peanuts', 55),
(383, 'Foam sheets', 55),
(384, 'Egg cartons', 56),
(385, 'Firewood', 56),
(387, 'Paper bags', 56),
(388, 'Pet supplies', 56),
(389, 'Shopping  bags', 56),
(390, 'Vehicles/ parts', 56),
(391, 'Computer paper', 56),
(393, 'Lawn Equipment', 52),
(394, 'Reel Mowers', 52),
(396, 'Screens', 48),
(400, 'Chain saws', 52),
(401, 'Fencing', 52),
(402, 'Garden pots', 52),
(403, 'Garden tools', 52),
(404, 'Hand clippers', 52),
(405, 'Hoses', 52),
(406, 'Lawn furniture', 52),
(407, 'Livestock supplies', 52),
(408, 'Loppers', 52),
(409, 'Seeders', 52),
(410, 'Soil amendment', 52),
(411, 'Sprinklers', 52),
(412, 'Wheel barrows', 52),
(413, 'Mowers', 52),
(419, 'Eyeglasses', 49),
(420, 'DVDs', 50),
(421, 'Video Games', 50),
(423, 'LPs', 50);

-- --------------------------------------------------------

--
-- Table structure for table `users`
--

CREATE TABLE IF NOT EXISTS `users` (
  `username` varchar(20) NOT NULL,
  `password` varchar(255) NOT NULL,
  `permissions` smallint(6) NOT NULL
) ENGINE=InnoDB DEFAULT CHARSET=latin1;

--
-- Dumping data for table `users`
--

INSERT INTO `users` (`username`, `password`, `permissions`) VALUES
('administrator', 'administrator', 0);

--
-- Indexes for dumped tables
--

--
-- Indexes for table `app_info`
--
ALTER TABLE `app_info`
  ADD PRIMARY KEY (`id`);

--
-- Indexes for table `categories`
--
ALTER TABLE `categories`
  ADD PRIMARY KEY (`id`),
  ADD UNIQUE KEY `name` (`name`);

--
-- Indexes for table `companies`
--
ALTER TABLE `companies`
  ADD PRIMARY KEY (`id`),
  ADD UNIQUE KEY `name` (`name`);

--
-- Indexes for table `company_content`
--
ALTER TABLE `company_content`
  ADD PRIMARY KEY (`content_id`,`company_id`),
  ADD KEY `company_id` (`company_id`);

--
-- Indexes for table `contents`
--
ALTER TABLE `contents`
  ADD PRIMARY KEY (`id`),
  ADD UNIQUE KEY `name` (`name`),
  ADD KEY `cat_id` (`cat_id`);

--
-- Indexes for table `users`
--
ALTER TABLE `users`
  ADD PRIMARY KEY (`username`);

--
-- AUTO_INCREMENT for dumped tables
--

--
-- AUTO_INCREMENT for table `app_info`
--
ALTER TABLE `app_info`
  MODIFY `id` int(11) NOT NULL AUTO_INCREMENT,AUTO_INCREMENT=2;
--
-- AUTO_INCREMENT for table `categories`
--
ALTER TABLE `categories`
  MODIFY `id` int(11) NOT NULL AUTO_INCREMENT,AUTO_INCREMENT=63;
--
-- AUTO_INCREMENT for table `companies`
--
ALTER TABLE `companies`
  MODIFY `id` int(11) NOT NULL AUTO_INCREMENT,AUTO_INCREMENT=214;
--
-- AUTO_INCREMENT for table `contents`
--
ALTER TABLE `contents`
  MODIFY `id` int(11) NOT NULL AUTO_INCREMENT,AUTO_INCREMENT=424;
--
-- Constraints for dumped tables
--

--
-- Constraints for table `company_content`
--
ALTER TABLE `company_content`
  ADD CONSTRAINT `company_content_ibfk_2` FOREIGN KEY (`company_id`) REFERENCES `companies` (`id`) ON DELETE CASCADE,
  ADD CONSTRAINT `company_content_ibfk_1` FOREIGN KEY (`content_id`) REFERENCES `contents` (`id`) ON DELETE CASCADE;

--
-- Constraints for table `contents`
--
ALTER TABLE `contents`
  ADD CONSTRAINT `contents_ibfk_1` FOREIGN KEY (`cat_id`) REFERENCES `categories` (`id`) ON DELETE CASCADE;

/*!40101 SET CHARACTER_SET_CLIENT=@OLD_CHARACTER_SET_CLIENT */;
/*!40101 SET CHARACTER_SET_RESULTS=@OLD_CHARACTER_SET_RESULTS */;
/*!40101 SET COLLATION_CONNECTION=@OLD_COLLATION_CONNECTION */;
